SET search_path TO social_media;


CREATE TABLE country (
  id  int NOT NULL,
  name varchar(100) DEFAULT NULL,
  PRIMARY KEY (id)
);
INSERT INTO country VALUES (1,'сша');
INSERT INTO country VALUES (2,'болгария');
INSERT INTO country VALUES (3,'великобритания');
INSERT INTO country VALUES (4,'германия');
INSERT INTO country VALUES (5,'греция');
INSERT INTO country VALUES (6,'египет');
INSERT INTO country VALUES (7,'испания');
INSERT INTO country VALUES (8,'италия');
INSERT INTO country VALUES (9,'нью-йорк');
INSERT INTO country VALUES (10,'казахстан');
INSERT INTO country VALUES (11,'кипр');
INSERT INTO country VALUES (12,'кнр');
INSERT INTO country VALUES (13,'португалия');
INSERT INTO country VALUES (14,'россия');
INSERT INTO country VALUES (15,'таиланд');
INSERT INTO country VALUES (16,'сингапур');
INSERT INTO country VALUES (17,'тунис');
INSERT INTO country VALUES (18,'турция');
INSERT INTO country VALUES (19,'китай');
INSERT INTO country VALUES (20,'узбекистан');
INSERT INTO country VALUES (21,'чехия');


CREATE TABLE users (
  id  int NOT NULL,
  name varchar(100) DEFAULT NULL,
  date_birth date DEFAULT NULL,
  id_country  int DEFAULT NULL,
  PRIMARY KEY (id),
  CONSTRAINT fk_country FOREIGN KEY (id_country) REFERENCES country (id)
);
INSERT INTO users VALUES (1,'лукин павел федотович','1991-12-16',15);
INSERT INTO users VALUES (2,'харитонов альберт брониславович','1998-02-22',4);
INSERT INTO users VALUES (3,'владимирова софия еремеевна','1973-12-14',1);
INSERT INTO users VALUES (4,'аксёнова иванна георгьевна','1988-12-15',2);
INSERT INTO users VALUES (5,'копылов фёдор егорович','1993-03-10',8);
INSERT INTO users VALUES (6,'чернов вячеслав святославович','1997-09-10',19);
INSERT INTO users VALUES (7,'шубина фаина брониславовна','1945-12-30',20);
INSERT INTO users VALUES (8,'овчинникова регина павловна','1940-10-15',12);
INSERT INTO users VALUES (9,'лапин авксентий серапионович','1957-03-30',8);
INSERT INTO users VALUES (10,'панфилова юлия пётровна','1952-12-11',18);
INSERT INTO users VALUES (11,'баранов юрий валентинович','1976-07-10',14);
INSERT INTO users VALUES (12,'васильев гордей мэлорович','1950-03-03',2);
INSERT INTO users VALUES (13,'максимова софия альбертовна','1965-11-09',5);
INSERT INTO users VALUES (14,'зиновьев митрофан владимирович','1966-04-09',13);
INSERT INTO users VALUES (15,'михайлова нонна вадимовна','2000-12-11',4);
INSERT INTO users VALUES (16,'ермаков мэлс семёнович','1976-06-10',18);
INSERT INTO users VALUES (17,'блинов артём валерьянович','1998-06-19',1);
INSERT INTO users VALUES (18,'логинова алевтина лукьевна','1932-02-21',6);
INSERT INTO users VALUES (19,'елисеев евсей александрович','1950-06-21',3);
INSERT INTO users VALUES (20,'зуева инна еремеевна','1985-07-14',21);
INSERT INTO users VALUES (21,'никитина раиса евсеевна','1948-12-07',6);
INSERT INTO users VALUES (22,'родионова фёкла антоновна','1983-08-24',20);
INSERT INTO users VALUES (23,'андреев демьян ефимович','1994-05-11',4);
INSERT INTO users VALUES (24,'медведева фёкла всеволодовна','1997-05-17',15);
INSERT INTO users VALUES (25,'мухин аристарх макарович','1988-12-28',11);
INSERT INTO users VALUES (26,'федосеева антонина донатовна','1959-09-06',16);
INSERT INTO users VALUES (27,'селезнёв алексей яковович','1967-12-29',16);
INSERT INTO users VALUES (28,'гришина анжела сергеевна','1973-06-20',6);
INSERT INTO users VALUES (29,'коновалов денис никитевич','1979-09-06',18);
INSERT INTO users VALUES (30,'власова виктория филатовна','1956-08-28',9);
INSERT INTO users VALUES (31,'белозёрова олимпиада владиславовна','1959-05-09',18);
INSERT INTO users VALUES (32,'громов лаврентий никитевич','1941-09-06',19);
INSERT INTO users VALUES (33,'трофимов святослав глебович','1994-03-06',17);
INSERT INTO users VALUES (34,'медведьева валерия ростиславовна','1941-05-09',2);
INSERT INTO users VALUES (35,'анисимов варлам владленович','1930-05-06',9);
INSERT INTO users VALUES (36,'фомичёва людмила гордеевна','2000-04-14',18);
INSERT INTO users VALUES (37,'давыдов лукий степанович','1932-06-22',9);
INSERT INTO users VALUES (38,'казаков арсений фролович','1949-01-28',12);
INSERT INTO users VALUES (39,'громов протасий лукьевич','1957-01-19',4);
INSERT INTO users VALUES (40,'богданова марина олеговна','1960-04-10',10);
INSERT INTO users VALUES (41,'сергеева елизавета александровна','1967-12-07',6);
INSERT INTO users VALUES (42,'бобров бронислав семёнович','1959-04-08',13);
INSERT INTO users VALUES (43,'медведьева акулина никитевна','1961-12-20',18);
INSERT INTO users VALUES (44,'фомина агафья руслановна','2004-09-19',2);
INSERT INTO users VALUES (45,'сорокина оксана глебовна','1961-03-26',16);
INSERT INTO users VALUES (46,'абрамова лукия максимовна','1934-01-03',7);
INSERT INTO users VALUES (47,'красильников георгий даниилович','1970-10-03',17);
INSERT INTO users VALUES (48,'терентьев якун фролович','1958-11-27',16);
INSERT INTO users VALUES (49,'юдина прасковья ростиславовна','1953-02-08',19);
INSERT INTO users VALUES (50,'сидорова юлия алексеевна','1980-09-27',13);
INSERT INTO users VALUES (51,'лыткина юлия варламовна','1969-04-17',12);
INSERT INTO users VALUES (52,'петров игорь романович','1977-02-17',6);
INSERT INTO users VALUES (53,'самойлов игнатий святославович','1935-02-03',1);
INSERT INTO users VALUES (54,'савина валентина созоновна','1982-10-03',14);
INSERT INTO users VALUES (55,'блинова людмила артёмовна','1989-09-10',15);
INSERT INTO users VALUES (56,'мишин ириней даниилович','1993-06-11',2);
INSERT INTO users VALUES (57,'власов владислав авксентьевич','1999-02-05',6);
INSERT INTO users VALUES (58,'брагина оксана авдеевна','1958-10-29',21);
INSERT INTO users VALUES (59,'зиновьев яков гордеевич','1979-09-06',20);
INSERT INTO users VALUES (60,'белякова лидия святославовна','1956-08-28',21);
INSERT INTO users VALUES (61,'кошелева клавдия васильевна','1959-05-09',18);
INSERT INTO users VALUES (62,'красильникова маргарита якововна','1990-02-04',20);
INSERT INTO users VALUES (63,'носкова евгения мэлоровна','1946-09-02',9);
INSERT INTO users VALUES (64,'суворов игорь романович','1993-12-15',4);
INSERT INTO users VALUES (65,'тимофеева вероника авксентьевна','2000-07-08',17);
INSERT INTO users VALUES (66,'воронов руслан протасьевич','1987-04-10',12);
INSERT INTO users VALUES (67,'бобылёва милица глебовна','2002-06-25',12);
INSERT INTO users VALUES (68,'гущина варвара мэлсовна','1982-04-12',1);
INSERT INTO users VALUES (69,'пестов онисим мстиславович','1989-06-20',6);
INSERT INTO users VALUES (70,'коновалова таисия филатовна','1944-07-16',8);
INSERT INTO users VALUES (71,'сорокин иван аристархович','1981-01-23',11);
INSERT INTO users VALUES (72,'аксёнов протасий дамирович','1989-08-08',14);
INSERT INTO users VALUES (73,'карпов аркадий кимович','1933-06-01',2);
INSERT INTO users VALUES (74,'михайлов якун витальевич','1992-01-19',3);
INSERT INTO users VALUES (75,'беспалова наина гордеевна','1951-01-14',7);
INSERT INTO users VALUES (76,'сысоев лукий витальевич','1946-06-04',14);
INSERT INTO users VALUES (77,'игнатов даниил кондратович','1947-02-06',2);
INSERT INTO users VALUES (78,'богданов владлен митрофанович','2002-03-12',15);
INSERT INTO users VALUES (79,'носов варлам игнатьевич','1993-09-06',19);
INSERT INTO users VALUES (80,'рыбаков тихон фёдорович','1965-01-27',10);
INSERT INTO users VALUES (81,'щербакова валентина федосеевна','1951-01-02',15);
INSERT INTO users VALUES (82,'галкин аристарх пётрович','1937-11-18',3);
INSERT INTO users VALUES (83,'стрелков станислав владимирович','1936-01-04',20);
INSERT INTO users VALUES (84,'архипов иван витальевич','1951-06-09',6);
INSERT INTO users VALUES (85,'дементьев руслан константинович','1943-10-21',20);
INSERT INTO users VALUES (86,'баранов митрофан геннадьевич','2005-04-22',11);
INSERT INTO users VALUES (87,'аксёнов аристарх иванович','1967-03-03',4);
INSERT INTO users VALUES (88,'меркушев владимир лукьевич','1979-09-06',15);
INSERT INTO users VALUES (89,'евдокимова синклитикия богдановна','1956-08-28',7);
INSERT INTO users VALUES (90,'кудрявцев николай анатольевич','1959-05-09',15);
INSERT INTO users VALUES (91,'новикова клавдия борисовна','1975-08-26',4);
INSERT INTO users VALUES (92,'гущин константин мэлсович','1980-02-15',14);
INSERT INTO users VALUES (93,'шубин донат лукьянович','1954-10-21',6);
INSERT INTO users VALUES (94,'турова елена лукьяновна','1948-07-17',20);
INSERT INTO users VALUES (95,'максимов улеб ефимович','1931-01-18',7);
INSERT INTO users VALUES (96,'константинова анна всеволодовна','1952-12-24',18);
INSERT INTO users VALUES (97,'алексеев андрей святославович','1985-10-13',9);
INSERT INTO users VALUES (98,'алексеев альберт дамирович','1989-04-02',10);
INSERT INTO users VALUES (99,'ситникова вероника романовна','1992-04-24',21);
INSERT INTO users VALUES (100,'гущина людмила макаровна','1946-10-06',10);
INSERT INTO users VALUES (101,'новикова наталья созоновна','1943-06-20',19);
INSERT INTO users VALUES (102,'данилова лидия леонидовна','1992-09-11',11);
INSERT INTO users VALUES (103,'русаков федосей владимирович','1990-09-28',2);
INSERT INTO users VALUES (104,'потапов тихон донатович','1933-08-01',4);
INSERT INTO users VALUES (105,'яковлева жанна гордеевна','1982-01-06',20);
INSERT INTO users VALUES (106,'прохорова венера евгеньевна','1991-07-04',2);
INSERT INTO users VALUES (107,'силина евдокия юлиановна','1954-03-25',18);
INSERT INTO users VALUES (108,'гуляева нина денисовна','1961-06-27',13);
INSERT INTO users VALUES (109,'лазарева анжела кимовна','1938-06-17',8);
INSERT INTO users VALUES (110,'лыткин сергей русланович','1990-08-07',15);
INSERT INTO users VALUES (111,'моисеева алла андреевна','1950-08-13',1);
INSERT INTO users VALUES (112,'третьякова марина георгьевна','1943-01-18',18);
INSERT INTO users VALUES (113,'волкова ия владимировна','1979-04-26',17);
INSERT INTO users VALUES (114,'суханов куприян вадимович','1978-05-28',11);
INSERT INTO users VALUES (115,'носов тихон гордеевич','1970-09-04',16);
INSERT INTO users VALUES (116,'сорокин виталий глебович','1957-04-16',3);
INSERT INTO users VALUES (117,'горбачёв валерий ильяович','1955-08-24',4);
INSERT INTO users VALUES (118,'дроздова полина серапионовна','1931-06-10',14);
INSERT INTO users VALUES (119,'иванов вадим федотович','1937-09-05',11);
INSERT INTO users VALUES (120,'хохлов богдан филатович','1947-12-21',17);
INSERT INTO users VALUES (121,'ефимова дарья юрьевна','2003-03-12',19);
INSERT INTO users VALUES (122,'суворов владимир варламович','1953-06-14',3);
INSERT INTO users VALUES (123,'брагин германн донатович','1984-08-22',14);
INSERT INTO users VALUES (124,'михайлов юлиан вадимович','1956-10-29',17);
INSERT INTO users VALUES (125,'петухов куприян антонинович','1954-04-04',19);
INSERT INTO users VALUES (126,'кузьмина екатерина мэлоровна','2004-06-30',18);
INSERT INTO users VALUES (127,'кузнецова ираида евгеньевна','1937-05-30',17);
INSERT INTO users VALUES (128,'поляков иван георгьевич','1998-09-21',4);
INSERT INTO users VALUES (129,'петухов вячеслав авдеевич','1942-11-14',1);
INSERT INTO users VALUES (130,'мамонтов пётр алексеевич','1974-02-17',2);


CREATE TABLE social_network (
  id  int NOT NULL,
  name varchar(100) DEFAULT NULL,
  PRIMARY KEY (id)
);
INSERT INTO social_network VALUES (1,'вконтакте');
INSERT INTO social_network VALUES (2,'linkedin');
INSERT INTO social_network VALUES (3,'мой мир');
INSERT INTO social_network VALUES (4,'одноклассники');
INSERT INTO social_network VALUES (5,'facebook');
INSERT INTO social_network VALUES (6,'instagram');
INSERT INTO social_network VALUES (7,'google+');
INSERT INTO social_network VALUES (8,'twitter');
INSERT INTO social_network VALUES (9,'qzone');
INSERT INTO social_network VALUES (10,'pinterest');



CREATE TABLE account (
  id  int NOT NULL,
  id_social_network  int DEFAULT NULL,
  id_users  int DEFAULT NULL,
  date_registration date DEFAULT NULL,
  login varchar(30) DEFAULT NULL,
  password varchar(30) DEFAULT NULL,
  PRIMARY KEY (id),
  CONSTRAINT fk_social_network FOREIGN KEY (id_social_network) REFERENCES social_network (id),
  CONSTRAINT fk_users FOREIGN KEY (id_users) REFERENCES users (id)
);
INSERT INTO account VALUES (1,2,33,'2011-12-07','representative','malicious');
INSERT INTO account VALUES (2,1,27,'2014-12-28','glue','party');
INSERT INTO account VALUES (3,4,89,'2012-01-25','cherry','talk5666');
INSERT INTO account VALUES (4,2,9,'2009-02-24','ultra','dream');
INSERT INTO account VALUES (5,3,124,'2014-03-25','grab','useless');
INSERT INTO account VALUES (6,1,5,'2014-12-01','narrow','unwieldy');
INSERT INTO account VALUES (7,3,93,'2016-05-24','refuse','123456789');
INSERT INTO account VALUES (8,1,3,'2012-03-22','lamp','edge099');
INSERT INTO account VALUES (9,8,97,'2014-11-07','self','cherries');
INSERT INTO account VALUES (10,5,100,'2010-05-23','stuff','glamorous');
INSERT INTO account VALUES (11,2,70,'2015-11-10','aggressive','extend');
INSERT INTO account VALUES (12,4,79,'2010-03-29','society','snake');
INSERT INTO account VALUES (13,7,17,'2010-05-14','sofa','measly');
INSERT INTO account VALUES (14,4,101,'2009-10-19','snakes','inquisitive');
INSERT INTO account VALUES (15,4,82,'2010-12-26','impolite','345533099');
INSERT INTO account VALUES (16,8,37,'2012-08-06','place','elfin');
INSERT INTO account VALUES (17,6,123,'2015-08-30','company','agreeable');
INSERT INTO account VALUES (18,6,91,'2016-08-16','minor','queue3311');
INSERT INTO account VALUES (19,6,35,'2014-07-21','pricey','squash');
INSERT INTO account VALUES (20,4,89,'2009-06-28','laughable','system');
INSERT INTO account VALUES (21,6,91,'2012-07-04','tasteful','attraction');
INSERT INTO account VALUES (22,1,121,'2009-05-27','horses','tap23322');
INSERT INTO account VALUES (23,3,48,'2009-08-16','digestion','defiant');
INSERT INTO account VALUES (24,9,26,'2016-08-27','mist','mountain');
INSERT INTO account VALUES (25,5,35,'2012-11-29','bounce','tumble');
INSERT INTO account VALUES (26,4,85,'2011-07-14','cows','silky21111');
INSERT INTO account VALUES (27,3,90,'2014-10-10','bent','chickens');
INSERT INTO account VALUES (28,4,86,'2014-07-09','cover','home833333');
INSERT INTO account VALUES (29,3,42,'2013-01-05','self','locikupubegoju');
INSERT INTO account VALUES (30,8,25,'2014-07-03','winter','xowucafehysu');
INSERT INTO account VALUES (31,9,110,'2013-10-21','yoke','lomocelaruvaj');
INSERT INTO account VALUES (32,6,70,'2012-10-04','grate','mevuseheloxij');
INSERT INTO account VALUES (33,3,94,'2011-08-11','coach','evacaluc');
INSERT INTO account VALUES (34,9,23,'2014-12-11','store','ilenufy');
INSERT INTO account VALUES (35,4,15,'2012-03-19','afraid','uxavyrataj');
INSERT INTO account VALUES (36,4,5,'2012-10-18','automatic','inakygyjitazyc');
INSERT INTO account VALUES (37,3,17,'2015-04-26','pin','puhukamymura');
INSERT INTO account VALUES (38,4,9,'2016-05-22','berserk','ecacyrumuqet');
INSERT INTO account VALUES (39,8,113,'2014-11-29','free','imajidof');
INSERT INTO account VALUES (40,4,78,'2016-07-22','horses','itohiguh');
INSERT INTO account VALUES (41,8,67,'2011-02-15','squeal','12345');
INSERT INTO account VALUES (42,9,38,'2010-02-22','snakes','uwef');
INSERT INTO account VALUES (43,5,37,'2013-04-19','wide-eyed','cuwe');
INSERT INTO account VALUES (44,3,39,'2014-10-09','plane','ukames');
INSERT INTO account VALUES (45,10,50,'2014-03-10','sense','tynypo');
INSERT INTO account VALUES (46,6,105,'2010-08-30','unusual','siquc');
INSERT INTO account VALUES (47,3,85,'2013-12-05','closed','ofyp');
INSERT INTO account VALUES (48,7,36,'2013-12-14','smelly','uxojyq');
INSERT INTO account VALUES (49,5,28,'2015-05-14','small','ukaq');
INSERT INTO account VALUES (50,1,76,'2015-07-25','labored','evacaluc');
INSERT INTO account VALUES (51,6,1,'2014-01-10','chess','ilenufy');
INSERT INTO account VALUES (52,7,107,'2013-12-11','jittery','tiqu');
INSERT INTO account VALUES (53,10,83,'2016-02-29','attend','ofuba');
INSERT INTO account VALUES (54,10,125,'2011-12-01','bushes','ujox');
INSERT INTO account VALUES (55,10,115,'2011-06-06','offer','ugeqe');
INSERT INTO account VALUES (56,3,27,'2014-06-05','laughable','12345');
INSERT INTO account VALUES (57,9,22,'2014-01-08','premium','ugad');
INSERT INTO account VALUES (58,9,1,'2015-05-30','riddle','bita');
INSERT INTO account VALUES (59,4,59,'2010-11-10','mate','lixoz');
INSERT INTO account VALUES (60,9,31,'2013-08-07','confuse','ijaqyc');
INSERT INTO account VALUES (61,7,102,'2016-08-12','axiomatic','osut');
INSERT INTO account VALUES (62,3,24,'2016-08-29','swing','tylyku');
INSERT INTO account VALUES (63,3,121,'2015-08-13','whole','bepira');
INSERT INTO account VALUES (64,2,121,'2013-09-16','support','katyj');
INSERT INTO account VALUES (65,4,16,'2012-10-18','free','ylenu');
INSERT INTO account VALUES (66,3,98,'2015-04-07','giant','vyzum');
INSERT INTO account VALUES (67,1,65,'2016-07-18','changeable','udix');
INSERT INTO account VALUES (68,5,38,'2010-10-04','familiar','ywohux');
INSERT INTO account VALUES (69,4,107,'2013-10-11','camp','dugu');
INSERT INTO account VALUES (70,5,17,'2010-08-01','unruly','sihogu');
INSERT INTO account VALUES (71,2,125,'2010-06-15','quixotic','vafa');
INSERT INTO account VALUES (72,5,62,'2016-01-08','literate','yzupif');
INSERT INTO account VALUES (73,6,24,'2013-01-01','warn','xiwani');
INSERT INTO account VALUES (74,5,19,'2009-03-27','stingy','ikog');
INSERT INTO account VALUES (75,3,85,'2009-05-07','futuristic','12345');
INSERT INTO account VALUES (76,9,33,'2009-05-03','massive','cacywi');
INSERT INTO account VALUES (77,7,85,'2012-02-26','add','obihij');
INSERT INTO account VALUES (78,8,93,'2013-11-17','hydrant','vuli');
INSERT INTO account VALUES (79,4,21,'2016-02-16','stove','toquve');
INSERT INTO account VALUES (80,1,96,'2009-10-21','believe','kyqyh');
INSERT INTO account VALUES (81,10,3,'2016-02-04','full','avajeq');
INSERT INTO account VALUES (82,4,85,'2009-07-06','friction','mohy');
INSERT INTO account VALUES (83,9,95,'2009-07-13','jaded','adufo');
INSERT INTO account VALUES (84,5,106,'2016-11-19','minute','ecicu');
INSERT INTO account VALUES (85,10,103,'2011-01-06','instrument','ruwy');
INSERT INTO account VALUES (86,5,97,'2016-05-07','annoying','ejibib');
INSERT INTO account VALUES (87,9,37,'2009-03-03','gate','lomocelaruvaj');
INSERT INTO account VALUES (88,4,85,'2010-11-13','flat','ifof');
INSERT INTO account VALUES (89,2,104,'2012-02-28','wise','nebero');
INSERT INTO account VALUES (90,10,115,'2010-05-27','stem','ovumi');
INSERT INTO account VALUES (91,1,106,'2010-01-11','ruthless','nabem');
INSERT INTO account VALUES (92,7,32,'2016-10-25','pets','ubop');
INSERT INTO account VALUES (93,2,38,'2014-11-23','ethereal','12345');
INSERT INTO account VALUES (94,3,15,'2016-12-12','play','ereg');
INSERT INTO account VALUES (95,6,81,'2014-10-19','rat','ymiwyh');
INSERT INTO account VALUES (96,10,124,'2010-04-18','oval','iwiv');
INSERT INTO account VALUES (97,4,81,'2015-10-01','scary','ylyd');
INSERT INTO account VALUES (98,5,98,'2010-03-04','youthful','hivica');
INSERT INTO account VALUES (99,2,21,'2012-03-25','jelly','opija');
INSERT INTO account VALUES (100,10,45,'2016-03-04','return','cazij');
INSERT INTO account VALUES (101,1,122,'2014-04-21','superb','wypufa');
INSERT INTO account VALUES (102,2,101,'2009-05-23','puffy','esukasy');
INSERT INTO account VALUES (103,8,103,'2009-04-03','somber','asofozog');
INSERT INTO account VALUES (104,7,84,'2013-11-15','voice','orujury');
INSERT INTO account VALUES (105,2,36,'2014-03-07','happen','wawody');
INSERT INTO account VALUES (106,9,59,'2010-03-12','bouncy','raroqap');
INSERT INTO account VALUES (107,5,21,'2016-03-12','visitor','tavoce');
INSERT INTO account VALUES (108,8,51,'2010-09-02','dislike','rojigy');
INSERT INTO account VALUES (109,7,93,'2010-02-27','mom','yqysipuf');
INSERT INTO account VALUES (110,9,81,'2015-09-18','fade','12345');
INSERT INTO account VALUES (111,10,61,'2014-02-27','futuristic','fynyci');
INSERT INTO account VALUES (112,4,75,'2010-05-26','wave','evacaluc');
INSERT INTO account VALUES (113,3,48,'2010-06-10','habitual','ilenufy');
INSERT INTO account VALUES (114,5,4,'2016-04-25','laugh','mukisiqi');
INSERT INTO account VALUES (115,10,15,'2013-08-08','synonymous','lepupe');
INSERT INTO account VALUES (116,6,2,'2014-10-30','rude','ubirawow');
INSERT INTO account VALUES (117,9,68,'2012-06-27','whistle','123456789');
INSERT INTO account VALUES (118,9,116,'2011-04-25','injure','aluceni');
INSERT INTO account VALUES (119,1,9,'2011-09-12','battle','ogalyv');
INSERT INTO account VALUES (120,7,9,'2016-02-27','nest','anopale');
INSERT INTO account VALUES (121,7,105,'2016-11-11','legal','vaqugin');
INSERT INTO account VALUES (122,1,89,'2015-09-16','bear','ocekume');
INSERT INTO account VALUES (123,5,111,'2015-08-12','decisive','ewedic');
INSERT INTO account VALUES (124,6,4,'2009-02-19','house','ikonyva');
INSERT INTO account VALUES (125,8,89,'2013-05-17','pull','petoruwa');
INSERT INTO account VALUES (126,1,27,'2014-11-15','mind','uzuduqa');
INSERT INTO account VALUES (127,2,98,'2009-11-12','twist','mumanaf');
INSERT INTO account VALUES (128,10,15,'2012-01-06','extra-small','yzuzuxe');
INSERT INTO account VALUES (129,8,45,'2014-05-14','window','evacaluc');
INSERT INTO account VALUES (130,10,94,'2009-12-07','clam','ilenufy');
INSERT INTO account VALUES (131,9,104,'2011-10-30','disappear','hexuko');
INSERT INTO account VALUES (132,1,65,'2011-09-27','dress','cabybep');
INSERT INTO account VALUES (133,8,78,'2015-03-24','stain','yzepax');
INSERT INTO account VALUES (134,5,75,'2009-09-28','crayon','kytukaxy');
INSERT INTO account VALUES (135,2,1,'2015-11-25','plot','lomocelaruvaj');
INSERT INTO account VALUES (136,4,92,'2016-08-17','letters','motado');
INSERT INTO account VALUES (137,10,86,'2014-05-02','ducks','uguvij');
INSERT INTO account VALUES (138,9,35,'2013-04-24','organic','pegage');
INSERT INTO account VALUES (139,6,68,'2015-10-18','drop','ewabepex');
INSERT INTO account VALUES (140,4,9,'2010-12-22','smell','12345');
INSERT INTO account VALUES (141,6,120,'2016-07-07','space','evacaluc');
INSERT INTO account VALUES (142,10,36,'2014-05-19','shrill','ilenufy');
INSERT INTO account VALUES (143,3,34,'2011-05-10','fact','xewyqe');
INSERT INTO account VALUES (144,3,82,'2013-02-21','baseball','ehyqupe');
INSERT INTO account VALUES (145,7,1,'2012-12-03','unwieldy','oxibyjuv');
INSERT INTO account VALUES (146,3,44,'2011-08-18','avoid','ajiwypi');
INSERT INTO account VALUES (147,1,60,'2011-12-27','foot','uhapob');
INSERT INTO account VALUES (148,2,52,'2011-09-26','twist','tuwikaq');
INSERT INTO account VALUES (149,4,46,'2014-06-28','quickest','fyvymy');
INSERT INTO account VALUES (150,9,70,'2013-03-12','muddled','akyzoq');
INSERT INTO account VALUES (151,4,68,'2012-10-24','tree','senefy');
INSERT INTO account VALUES (152,10,80,'2012-10-08','distance','iqirot');
INSERT INTO account VALUES (153,2,86,'2014-04-26','abaft','wubaqidi');
INSERT INTO account VALUES (154,7,84,'2016-04-28','temporary','necakaqa');
INSERT INTO account VALUES (155,1,87,'2011-09-20','hall','efetaw');
INSERT INTO account VALUES (156,4,80,'2012-08-07','skinny','rewytymy');
INSERT INTO account VALUES (157,5,102,'2012-02-03','pour','roxegy');
INSERT INTO account VALUES (158,8,78,'2016-08-22','clover','lomocelaruvaj');
INSERT INTO account VALUES (159,10,24,'2014-12-05','pot','dehemove');
INSERT INTO account VALUES (160,1,20,'2015-09-01','thread','etiryno');
INSERT INTO account VALUES (161,4,17,'2016-02-19','weight','bifozatygehabas');
INSERT INTO account VALUES (162,3,43,'2009-06-15','broad','acicufog');
INSERT INTO account VALUES (163,8,45,'2009-08-06','grandfather','lonyrobohojibur');
INSERT INTO account VALUES (164,9,39,'2015-05-28','temporary','exahavylovazyha');
INSERT INTO account VALUES (165,2,25,'2011-06-28','spoon','aryqiwodo');
INSERT INTO account VALUES (166,3,95,'2014-10-06','advise','ysivodasotik');
INSERT INTO account VALUES (167,3,97,'2010-12-15','tall','sudeleragix');
INSERT INTO account VALUES (168,7,54,'2016-06-28','snail','ekyditeqafumi');
INSERT INTO account VALUES (169,3,14,'2013-03-03','faulty','sobomesuq');
INSERT INTO account VALUES (170,4,40,'2010-04-04','exultant','eduhesesalih');
INSERT INTO account VALUES (171,3,8,'2011-03-11','can','gudokybidufegut');
INSERT INTO account VALUES (172,5,32,'2012-01-02','windy','dolyguqobizen');
INSERT INTO account VALUES (173,7,24,'2012-06-20','yoke','imafiwekyd');
INSERT INTO account VALUES (174,7,62,'2012-02-20','earn','equbigoraka');
INSERT INTO account VALUES (175,10,79,'2010-01-24','fry','zycyzileqydu');
INSERT INTO account VALUES (176,3,4,'2012-06-16','exuberant','godizofovaki');
INSERT INTO account VALUES (177,2,69,'2012-03-08','mere','cyrelyguvedodyg');
INSERT INTO account VALUES (178,8,112,'2014-01-13','last','uzulezefyt');
INSERT INTO account VALUES (179,8,118,'2011-04-06','meat','olutytyqykysaw');
INSERT INTO account VALUES (180,2,8,'2013-02-10','lettuce','arohetyfequzon');
INSERT INTO account VALUES (181,3,30,'2016-06-22','attack','vahyrefobekecib');
INSERT INTO account VALUES (182,1,60,'2014-11-07','grape','vugejomokane');
INSERT INTO account VALUES (183,4,36,'2016-05-21','water','lokyfivahowyso');
INSERT INTO account VALUES (184,3,72,'2015-06-06','smoke','unuvevakehojozo');
INSERT INTO account VALUES (185,10,12,'2012-07-06','super','ydihanoxa');
INSERT INTO account VALUES (186,3,24,'2012-02-06','beef','adugurekuw');
INSERT INTO account VALUES (187,9,123,'2013-05-03','shelf','yfuvoqumogawada');
INSERT INTO account VALUES (188,1,7,'2011-02-05','detect','ajypilopugo');
INSERT INTO account VALUES (189,5,99,'2009-08-12','heady','uqihalajumyk');
INSERT INTO account VALUES (190,10,120,'2015-12-16','harmonious','yqapumeni');
INSERT INTO account VALUES (191,2,3,'2014-04-03','knowing','123456789');
INSERT INTO account VALUES (192,6,1,'2012-12-07','wobble','vegifyhylufuvyr');
INSERT INTO account VALUES (193,4,45,'2016-11-04','hover','bylyhyxajytoraj');
INSERT INTO account VALUES (194,9,39,'2009-10-18','elated','tileqylurycuj');
INSERT INTO account VALUES (195,4,19,'2014-05-27','uppity','xoparywecirow');
INSERT INTO account VALUES (196,8,113,'2012-03-27','appliance','esyzohonugoca');
INSERT INTO account VALUES (197,8,73,'2014-03-06','bent','qofezyfuzi');
INSERT INTO account VALUES (198,7,86,'2009-08-20','rural','uqorywybamosa');
INSERT INTO account VALUES (199,6,61,'2013-09-06','mourn','evilirulufeci');
INSERT INTO account VALUES (200,1,59,'2016-09-08','squash','kikipahujidewam');
INSERT INTO account VALUES (201,5,64,'2016-09-11','vast','edynuqaniqe');
INSERT INTO account VALUES (202,2,41,'2010-05-26','continue','baweriwivi');
INSERT INTO account VALUES (203,9,103,'2014-11-12','quiver','alidohycehisehe');
INSERT INTO account VALUES (204,6,123,'2014-11-25','blade','12345');
INSERT INTO account VALUES (205,7,10,'2011-03-25','vacuous','ikowybuko');
INSERT INTO account VALUES (206,7,119,'2012-09-07','competition','xubucoludyfih');
INSERT INTO account VALUES (207,6,121,'2013-11-07','water','kysigohenupuk');
INSERT INTO account VALUES (208,5,55,'2013-05-20','painstaking','exawogexumygize');
INSERT INTO account VALUES (209,5,57,'2013-07-09','grass','ydehajer');
INSERT INTO account VALUES (210,10,73,'2010-03-06','troubled','axidynikulyjeqa');
INSERT INTO account VALUES (211,7,42,'2014-06-02','flow','usocibakiceres');
INSERT INTO account VALUES (212,3,121,'2009-08-30','free','oqebyqofecahit');
INSERT INTO account VALUES (213,9,36,'2015-07-26','damaged','racugowecidobe');
INSERT INTO account VALUES (214,7,22,'2015-08-10','cumbersome','tisagafaha');
INSERT INTO account VALUES (215,3,60,'2013-07-16','robin','vywukuselidyp');
INSERT INTO account VALUES (216,10,94,'2014-11-23','uptight','wiwuzezehemubu');
INSERT INTO account VALUES (217,9,102,'2010-08-20','steam','omogadox');
INSERT INTO account VALUES (218,10,116,'2009-03-13','outstanding','titojybydelymu');
INSERT INTO account VALUES (219,9,88,'2016-08-16','field','dexitiqoveb');
INSERT INTO account VALUES (220,8,13,'2010-12-13','eyes','jytimofawaj');
INSERT INTO account VALUES (221,8,94,'2014-01-12','frog','ixiteregunikine');
INSERT INTO account VALUES (222,4,106,'2010-03-05','dream','uriwywaviro');
INSERT INTO account VALUES (223,10,27,'2016-04-04','present','bavocuby');
INSERT INTO account VALUES (224,4,32,'2011-11-28','abaft','lejifasyzufa');
INSERT INTO account VALUES (225,6,54,'2013-06-29','jelly','evacaluc');
INSERT INTO account VALUES (226,9,108,'2015-08-22','four','ilenufy');
INSERT INTO account VALUES (227,6,64,'2015-03-28','bucket','qafiqajeberuhif');
INSERT INTO account VALUES (228,10,97,'2014-04-29','inconclusive','ebyxemafugita');
INSERT INTO account VALUES (229,3,97,'2011-08-17','sleet','odimofemaki');
INSERT INTO account VALUES (230,7,15,'2011-08-29','productive','idedetet');
INSERT INTO account VALUES (231,5,111,'2014-01-15','mourn','ibuvehat');
INSERT INTO account VALUES (232,10,98,'2012-10-13','sneeze','lomocelaruvaj');
INSERT INTO account VALUES (233,4,36,'2009-05-08','example','uvikozivyka');
INSERT INTO account VALUES (234,8,8,'2015-02-18','second','diludyjuryti');
INSERT INTO account VALUES (235,2,54,'2014-03-29','beautiful','rimocypawipacy');
INSERT INTO account VALUES (236,10,49,'2015-05-29','dead','ivunepeho');
INSERT INTO account VALUES (237,3,41,'2014-03-05','admire','oxybawivyhez');
INSERT INTO account VALUES (238,2,111,'2013-05-19','day','ajofefeg');
INSERT INTO account VALUES (239,8,31,'2015-01-24','annoying','nocasoqygawi');
INSERT INTO account VALUES (240,7,51,'2014-12-03','sign','egekobovifujoz');
INSERT INTO account VALUES (241,5,116,'2012-02-04','knowledge','cozoqivuj');
INSERT INTO account VALUES (242,4,6,'2012-06-12','obsolete','ihipuhuzyniq');
INSERT INTO account VALUES (243,3,109,'2011-12-04','cough','zirowifyxeluk');
INSERT INTO account VALUES (244,2,86,'2009-02-06','curious','nimyzemigos');
INSERT INTO account VALUES (245,2,124,'2011-07-02','crayon','tenigixade');
INSERT INTO account VALUES (246,8,13,'2012-03-29','wax','jekazasequ');
INSERT INTO account VALUES (247,9,32,'2011-10-10','jagged','ovikuriro');
INSERT INTO account VALUES (248,3,90,'2013-04-28','check','fowocacusufyg');
INSERT INTO account VALUES (249,4,19,'2013-06-26','encourage','ijivokeqezo');
INSERT INTO account VALUES (250,6,96,'2011-07-24','reminiscent','ohumicuj');
INSERT INTO account VALUES (251,1,49,'2015-08-16','exercise','12345');
INSERT INTO account VALUES (252,1,8,'2012-12-20','memorise','amefykeconim');
INSERT INTO account VALUES (253,3,37,'2010-12-05','flowers','ebetubehuram');
INSERT INTO account VALUES (254,3,27,'2013-12-20','smash','yqudatucar');
INSERT INTO account VALUES (255,1,121,'2015-05-16','disgusted','xudusyfi');
INSERT INTO account VALUES (256,2,72,'2010-09-22','petite','lifybepes');
INSERT INTO account VALUES (257,5,10,'2009-04-20','form','vizyryritanilyl');
INSERT INTO account VALUES (258,5,35,'2013-08-05','married','okazovewuqy');
INSERT INTO account VALUES (259,9,38,'2014-09-07','blot','orujirybyhyvoji');
INSERT INTO account VALUES (260,10,29,'2012-06-11','horrible','yvopehyxero');
INSERT INTO account VALUES (261,7,48,'2013-01-18','continue','qurebajum');
INSERT INTO account VALUES (262,5,64,'2011-11-17','lean','tixesylycygake');
INSERT INTO account VALUES (263,7,40,'2012-10-02','wheel','isycerucojamaf');
INSERT INTO account VALUES (264,3,91,'2016-06-19','low','zovubezejotah');
INSERT INTO account VALUES (265,5,53,'2010-08-30','fill','evacaluc');
INSERT INTO account VALUES (266,6,107,'2011-09-11','girl','ilenufy');
INSERT INTO account VALUES (267,2,83,'2012-03-16','bolt','yryrykolof');
INSERT INTO account VALUES (268,4,113,'2010-07-05','force','uryqubivys');
INSERT INTO account VALUES (269,7,61,'2016-08-11','calm','vijehexovojum');
INSERT INTO account VALUES (270,10,29,'2013-03-24','therapeutic','panupuvilyw');
INSERT INTO account VALUES (271,4,48,'2016-09-23','blue','tydohero');
INSERT INTO account VALUES (272,2,71,'2016-11-13','false','bimewydofut');
INSERT INTO account VALUES (273,5,86,'2009-12-23','efficient','123456789');
INSERT INTO account VALUES (274,5,9,'2016-06-16','fancy','vyrydiwenesav');
INSERT INTO account VALUES (275,5,79,'2015-11-22','want','nuvecuwyweqinuj');
INSERT INTO account VALUES (276,10,29,'2015-10-04','jail','mumykurep');
INSERT INTO account VALUES (277,9,48,'2013-02-07','happen','12345');
INSERT INTO account VALUES (278,5,7,'2011-04-28','hot','topigyjiqas');
INSERT INTO account VALUES (279,4,12,'2015-05-26','stage','axizolob');
INSERT INTO account VALUES (280,5,113,'2015-09-03','blood','azaqoqogoxaje');
INSERT INTO account VALUES (281,6,72,'2011-04-20','flag','xuhuno');
INSERT INTO account VALUES (282,3,5,'2010-06-04','workable','olukaqyp');
INSERT INTO account VALUES (283,8,3,'2012-11-20','wealth','muforese');
INSERT INTO account VALUES (284,5,75,'2010-12-27','unhealthy','cubapo');
INSERT INTO account VALUES (285,4,36,'2010-05-05','error','zisesini');
INSERT INTO account VALUES (286,6,79,'2015-07-02','interfere','rylevavy');
INSERT INTO account VALUES (287,7,62,'2010-02-25','momentous','zevaqa');
INSERT INTO account VALUES (288,9,74,'2015-11-10','guide','lomocelaruvaj');
INSERT INTO account VALUES (289,8,32,'2016-03-09','bulb','bixinof');
INSERT INTO account VALUES (290,2,106,'2013-06-06','harmonious','tikite');
INSERT INTO account VALUES (291,8,5,'2015-01-18','polish','zipapok');
INSERT INTO account VALUES (292,10,65,'2014-04-15','measure','ulomibe');
INSERT INTO account VALUES (293,3,59,'2015-06-18','tickle','mevyryro');
INSERT INTO account VALUES (294,3,122,'2014-11-17','scarce','tofiruh');
INSERT INTO account VALUES (295,7,69,'2015-11-02','laugh','idelypof');
INSERT INTO account VALUES (296,8,80,'2011-09-26','waste','boqiqa');
INSERT INTO account VALUES (297,10,26,'2015-11-10','meat','ulanuca');
INSERT INTO account VALUES (298,8,62,'2014-04-05','annoyed','weqafyv');
INSERT INTO account VALUES (299,9,41,'2010-09-03','protest','xibefiz');
INSERT INTO account VALUES (300,5,33,'2015-06-19','recess','zihulysu');
INSERT INTO account VALUES (301,3,116,'2010-12-06','misty','misty12345');
INSERT INTO account VALUES (302,3,7,'2015-04-15','increase','xizype');
INSERT INTO account VALUES (303,2,99,'2016-12-19','complain','xygygo');
INSERT INTO account VALUES (304,9,116,'2016-04-19','sign','ixocuzy');
INSERT INTO account VALUES (305,7,32,'2013-08-02','bait','leqyqym');
INSERT INTO account VALUES (306,8,119,'2010-08-17','acrid','jubuwolu');
INSERT INTO account VALUES (307,9,36,'2013-04-25','fertile','eqevanut');
INSERT INTO account VALUES (308,2,53,'2012-03-30','shrill','shrill123456789');
INSERT INTO account VALUES (309,10,13,'2010-04-16','redundant','evacaluc');
INSERT INTO account VALUES (310,3,78,'2016-08-24','quilt','ilenufy');
INSERT INTO account VALUES (311,5,47,'2011-02-11','obeisant','yqivovo');
INSERT INTO account VALUES (312,10,7,'2012-06-10','jellyfish','123456789');
INSERT INTO account VALUES (313,5,46,'2009-02-26','cause','oxogab');
INSERT INTO account VALUES (314,6,48,'2016-04-22','polish','copoke');
INSERT INTO account VALUES (315,6,23,'2013-06-02','woozy','etohyt');
INSERT INTO account VALUES (316,5,78,'2010-08-12','hug','12345');
INSERT INTO account VALUES (317,9,78,'2011-11-13','vivacious','lukijure');
INSERT INTO account VALUES (318,3,60,'2014-07-08','present','owebih');
INSERT INTO account VALUES (319,10,116,'2009-11-18','obnoxious','fofodug');
INSERT INTO account VALUES (320,9,43,'2009-11-06','shaggy','zixyzu');
INSERT INTO account VALUES (321,3,51,'2011-03-15','color','color');
INSERT INTO account VALUES (322,1,79,'2012-06-24','milky','eqipaqan');
INSERT INTO account VALUES (323,5,59,'2013-06-26','witty','avujavaj');
INSERT INTO account VALUES (324,9,107,'2013-08-05','deserve','acugahy');
INSERT INTO account VALUES (325,2,24,'2016-03-23','deeply','enepuh');
INSERT INTO account VALUES (326,7,42,'2013-06-16','coil','coil12345coil');
INSERT INTO account VALUES (327,4,31,'2012-03-18','wobble','xifyfak');
INSERT INTO account VALUES (328,10,70,'2012-12-22','temporary','ulysunuh');
INSERT INTO account VALUES (329,7,60,'2015-12-26','fat','vohypu');
INSERT INTO account VALUES (330,7,36,'2011-06-20','fence','imybuwyl');
INSERT INTO account VALUES (331,5,101,'2015-05-04','wrench','efadyg');
INSERT INTO account VALUES (332,4,125,'2013-04-15','expensive','nihoru');
INSERT INTO account VALUES (333,3,93,'2012-04-15','towering','upufinyz');
INSERT INTO account VALUES (334,5,66,'2016-05-30','bright','exyvat');
INSERT INTO account VALUES (335,6,108,'2014-11-18','ready','taxykeco');
INSERT INTO account VALUES (336,1,102,'2016-08-13','obese','vujigym');
INSERT INTO account VALUES (337,5,5,'2009-01-29','squirrel','hyfyqyvy');
INSERT INTO account VALUES (338,7,33,'2011-06-24','produce','ygedypa');
INSERT INTO account VALUES (339,4,29,'2012-01-26','amazing','ytijumu');
INSERT INTO account VALUES (340,9,113,'2011-07-05','sand','vuzukox');
INSERT INTO account VALUES (341,9,27,'2009-02-27','flimsy','ywesava');
INSERT INTO account VALUES (342,9,77,'2011-10-22','suggest','rymamusy');
INSERT INTO account VALUES (343,6,54,'2010-10-01','black','vynalaxi');
INSERT INTO account VALUES (344,4,7,'2010-12-01','children','isekit');
INSERT INTO account VALUES (345,1,86,'2014-04-09','ray','rayray');
INSERT INTO account VALUES (346,5,87,'2011-10-02','alcoholic','upucyla');
INSERT INTO account VALUES (347,8,28,'2015-05-08','mean','wyqycag');
INSERT INTO account VALUES (348,5,125,'2014-11-22','juggle','ykareqe');
INSERT INTO account VALUES (349,9,70,'2015-09-17','wave','uderecof');
INSERT INTO account VALUES (350,8,1,'2012-04-22','wholesale','mesoseq');
INSERT INTO account VALUES (351,4,68,'2012-10-21','pale','zaloga');
INSERT INTO account VALUES (352,3,74,'2012-12-15','deep','yqimeben');
INSERT INTO account VALUES (353,3,42,'2012-12-03','honorable','henyqa');
INSERT INTO account VALUES (354,9,34,'2012-09-24','old','efotosaf');
INSERT INTO account VALUES (355,2,107,'2014-11-15','writer','writer');
INSERT INTO account VALUES (356,9,29,'2011-09-01','recondite','rewyjuv');
INSERT INTO account VALUES (357,6,29,'2011-10-03','town','lylukuk');
INSERT INTO account VALUES (358,7,67,'2014-11-07','aback','lomocelaruvaj');
INSERT INTO account VALUES (359,9,54,'2010-09-07','blink','ypitewyb');
INSERT INTO account VALUES (360,4,12,'2012-01-27','own','emenozo');
INSERT INTO account VALUES (361,6,84,'2015-12-08','mighty','yseloni');
INSERT INTO account VALUES (362,1,111,'2016-02-03','kaput','revubi');
INSERT INTO account VALUES (363,7,4,'2014-10-05','tedious','oqibunan');
INSERT INTO account VALUES (364,5,83,'2010-03-14','colour','bewady');
INSERT INTO account VALUES (365,3,12,'2015-05-16','late111','gahiqami');
INSERT INTO account VALUES (366,6,48,'2015-05-06','thunder','ypixaby');
INSERT INTO account VALUES (367,6,27,'2011-09-05','spoil','zosyryzo');
INSERT INTO account VALUES (368,6,49,'2014-11-23','visit','kaciqawe');
INSERT INTO account VALUES (369,3,105,'2015-10-18','bear','bear');
INSERT INTO account VALUES (370,10,22,'2016-06-25','stupid','esyqap');
INSERT INTO account VALUES (371,1,15,'2014-11-13','chunky','wefecaho');
INSERT INTO account VALUES (372,5,78,'2009-07-12','recess','komaso');
INSERT INTO account VALUES (373,1,84,'2011-06-20','jaded','ycimek');
INSERT INTO account VALUES (374,9,20,'2015-04-03','filthy','iwetyn');
INSERT INTO account VALUES (375,8,43,'2012-01-29','towering','uwacudah');
INSERT INTO account VALUES (376,7,95,'2013-05-26','slow','ruhiwof');
INSERT INTO account VALUES (377,7,34,'2013-05-15','rake','jewazabu');
INSERT INTO account VALUES (378,3,71,'2015-01-21','bit','tyzumab');
INSERT INTO account VALUES (379,3,78,'2015-01-04','own','dytoqomu');
INSERT INTO account VALUES (380,8,45,'2010-09-04','pen','egibuqek');
INSERT INTO account VALUES (381,5,85,'2013-12-29','clip','hyfypybyd');
INSERT INTO account VALUES (382,4,119,'2015-05-03','marry','gibowego');
INSERT INTO account VALUES (383,9,114,'2014-04-07','brush','wepycadaxy');
INSERT INTO account VALUES (384,3,27,'2015-09-06','reign','pohebiwaco');
INSERT INTO account VALUES (385,6,111,'2010-10-10','graceful','ocazyfymojumyb');
INSERT INTO account VALUES (386,9,46,'2011-08-03','check','12345');
INSERT INTO account VALUES (387,2,27,'2015-08-28','trite','wovybywalygy');
INSERT INTO account VALUES (388,9,76,'2012-06-08','tomatoes','tekonohiqiwyd');
INSERT INTO account VALUES (389,1,101,'2013-10-11','pets','eliwoqefu');
INSERT INTO account VALUES (390,4,110,'2009-09-16','time','rizuhopanof');
INSERT INTO account VALUES (391,8,3,'2009-07-14','steel','123456789');
INSERT INTO account VALUES (392,3,107,'2012-11-23','practise','darowenu');
INSERT INTO account VALUES (393,3,121,'2009-06-01','guarded','uxorutinejuge');
INSERT INTO account VALUES (394,8,51,'2012-01-06','slave','evacaluc');
INSERT INTO account VALUES (395,4,54,'2011-10-21','arrange','ilenufy');
INSERT INTO account VALUES (396,2,56,'2010-08-12','stitch','123456789');
INSERT INTO account VALUES (397,1,41,'2012-09-15','hose','sasopegoxyv');
INSERT INTO account VALUES (398,2,95,'2013-01-14','wish','erejezer');
INSERT INTO account VALUES (399,7,89,'2011-08-22','innocent','lomocelaruvaj');
INSERT INTO account VALUES (400,8,94,'2010-04-13','delightful','ofykypyjib');


CREATE TABLE type_relationship (
  id  int NOT NULL,
  name varchar(100) DEFAULT NULL,
  PRIMARY KEY (id)
);
INSERT INTO type_relationship VALUES (1,'родственник');
INSERT INTO type_relationship VALUES (2,'друг');
INSERT INTO type_relationship VALUES (3,'знакомый');
INSERT INTO type_relationship VALUES (4,'коллега');
INSERT INTO type_relationship VALUES (5,'сослуживец');
INSERT INTO type_relationship VALUES (6,'одноклассник');


CREATE TABLE friends (
  id  int NOT NULL,
  id_my_account  int DEFAULT NULL,
  id_friend_account  int DEFAULT NULL,
  id_type_relationship  int DEFAULT NULL,
  date_friendship date DEFAULT NULL,
  PRIMARY KEY (id),
  CONSTRAINT fk_friend_account FOREIGN KEY (id_friend_account) REFERENCES account (id),
  CONSTRAINT fk_my_account FOREIGN KEY (id_my_account) REFERENCES account (id),
  CONSTRAINT fk_type_relationship FOREIGN KEY (id_type_relationship) REFERENCES type_relationship (id)
);
INSERT INTO friends VALUES (1,4,76,2,'2016-05-03');
INSERT INTO friends VALUES (2,88,101,6,'2015-01-19');
INSERT INTO friends VALUES (3,110,62,3,'2016-03-16');
INSERT INTO friends VALUES (4,10,102,2,'2016-07-03');
INSERT INTO friends VALUES (5,30,31,4,'2015-03-26');
INSERT INTO friends VALUES (6,53,110,1,'2015-06-23');
INSERT INTO friends VALUES (7,12,107,5,'2016-12-22');
INSERT INTO friends VALUES (8,101,90,2,'2014-09-12');
INSERT INTO friends VALUES (9,32,119,6,'2014-09-06');
INSERT INTO friends VALUES (10,61,21,3,'2015-06-21');
INSERT INTO friends VALUES (11,38,116,6,'2015-01-13');
INSERT INTO friends VALUES (12,7,65,5,'2016-08-14');
INSERT INTO friends VALUES (13,38,76,6,'2014-02-17');
INSERT INTO friends VALUES (14,16,92,5,'2016-09-11');
INSERT INTO friends VALUES (15,34,40,6,'2015-01-08');
INSERT INTO friends VALUES (16,117,99,1,'2014-12-26');
INSERT INTO friends VALUES (17,45,54,4,'2016-04-18');
INSERT INTO friends VALUES (18,85,42,2,'2016-10-07');
INSERT INTO friends VALUES (19,11,30,1,'2016-12-20');
INSERT INTO friends VALUES (20,30,16,4,'2015-09-25');
INSERT INTO friends VALUES (21,69,47,3,'2016-10-23');
INSERT INTO friends VALUES (22,85,25,1,'2016-07-12');
INSERT INTO friends VALUES (23,102,116,6,'2016-03-02');
INSERT INTO friends VALUES (24,42,7,2,'2014-11-23');
INSERT INTO friends VALUES (25,8,29,1,'2014-11-10');
INSERT INTO friends VALUES (26,9,113,2,'2014-08-09');
INSERT INTO friends VALUES (27,121,128,2,'2016-03-17');
INSERT INTO friends VALUES (28,8,57,6,'2016-07-04');
INSERT INTO friends VALUES (29,90,107,2,'2015-01-25');
INSERT INTO friends VALUES (30,27,124,5,'2016-01-11');
INSERT INTO friends VALUES (31,54,56,5,'2014-08-21');
INSERT INTO friends VALUES (32,123,57,3,'2015-03-22');
INSERT INTO friends VALUES (33,84,25,1,'2014-07-20');
INSERT INTO friends VALUES (34,9,111,3,'2016-04-20');
INSERT INTO friends VALUES (35,28,49,5,'2014-02-24');
INSERT INTO friends VALUES (36,4,130,5,'2014-04-13');
INSERT INTO friends VALUES (37,39,40,1,'2015-08-30');
INSERT INTO friends VALUES (38,107,15,3,'2015-05-23');
INSERT INTO friends VALUES (39,124,68,1,'2015-08-27');
INSERT INTO friends VALUES (40,62,8,4,'2015-08-08');
INSERT INTO friends VALUES (41,110,97,4,'2016-03-20');
INSERT INTO friends VALUES (42,91,119,4,'2014-07-20');
INSERT INTO friends VALUES (43,48,70,3,'2016-06-05');
INSERT INTO friends VALUES (44,91,124,4,'2015-05-06');
INSERT INTO friends VALUES (45,29,81,6,'2016-09-01');
INSERT INTO friends VALUES (46,84,36,6,'2014-06-01');
INSERT INTO friends VALUES (47,114,2,2,'2014-08-30');
INSERT INTO friends VALUES (48,34,121,6,'2016-02-16');
INSERT INTO friends VALUES (49,22,23,6,'2014-11-30');
INSERT INTO friends VALUES (50,18,19,1,'2014-07-30');
INSERT INTO friends VALUES (51,36,66,5,'2014-06-24');
INSERT INTO friends VALUES (52,65,50,1,'2015-10-21');
INSERT INTO friends VALUES (53,34,90,1,'2015-11-15');
INSERT INTO friends VALUES (54,119,125,6,'2015-08-03');
INSERT INTO friends VALUES (55,107,76,1,'2016-07-24');
INSERT INTO friends VALUES (56,60,8,1,'2014-07-02');
INSERT INTO friends VALUES (57,67,84,2,'2014-06-26');
INSERT INTO friends VALUES (58,7,3,1,'2016-12-28');
INSERT INTO friends VALUES (59,93,44,5,'2014-08-08');
INSERT INTO friends VALUES (60,118,6,3,'2016-12-04');
INSERT INTO friends VALUES (61,115,81,3,'2014-10-27');
INSERT INTO friends VALUES (62,109,7,4,'2014-05-06');
INSERT INTO friends VALUES (63,84,34,3,'2015-04-03');
INSERT INTO friends VALUES (64,15,7,6,'2016-06-11');
INSERT INTO friends VALUES (65,62,123,5,'2015-03-05');
INSERT INTO friends VALUES (66,88,122,6,'2014-07-24');
INSERT INTO friends VALUES (67,97,99,1,'2014-09-06');
INSERT INTO friends VALUES (68,52,34,4,'2014-04-24');
INSERT INTO friends VALUES (69,22,115,3,'2014-10-26');
INSERT INTO friends VALUES (70,102,28,3,'2014-10-18');
INSERT INTO friends VALUES (71,20,90,6,'2014-02-10');
INSERT INTO friends VALUES (72,57,59,6,'2014-02-16');
INSERT INTO friends VALUES (73,44,7,2,'2015-11-24');
INSERT INTO friends VALUES (74,72,3,5,'2015-03-05');
INSERT INTO friends VALUES (75,33,93,1,'2014-10-16');
INSERT INTO friends VALUES (76,112,32,2,'2015-05-03');
INSERT INTO friends VALUES (77,11,43,6,'2015-02-08');
INSERT INTO friends VALUES (78,36,54,1,'2014-12-08');
INSERT INTO friends VALUES (79,97,25,5,'2016-07-10');
INSERT INTO friends VALUES (80,127,39,1,'2015-11-06');
INSERT INTO friends VALUES (81,113,96,3,'2015-02-01');
INSERT INTO friends VALUES (82,126,110,5,'2016-07-01');
INSERT INTO friends VALUES (83,52,39,6,'2016-02-21');
INSERT INTO friends VALUES (84,99,49,2,'2016-03-18');
INSERT INTO friends VALUES (85,73,43,1,'2014-07-05');
INSERT INTO friends VALUES (86,87,47,1,'2014-06-26');
INSERT INTO friends VALUES (87,92,44,1,'2014-04-27');
INSERT INTO friends VALUES (88,91,1,5,'2014-04-04');
INSERT INTO friends VALUES (89,41,68,3,'2014-01-12');
INSERT INTO friends VALUES (90,58,4,2,'2015-04-24');
INSERT INTO friends VALUES (91,35,107,3,'2015-01-12');
INSERT INTO friends VALUES (92,81,104,6,'2015-05-24');
INSERT INTO friends VALUES (93,71,48,3,'2016-11-14');
INSERT INTO friends VALUES (94,14,12,6,'2015-01-05');
INSERT INTO friends VALUES (95,16,23,3,'2016-04-08');
INSERT INTO friends VALUES (96,127,114,4,'2016-02-23');
INSERT INTO friends VALUES (97,6,71,6,'2014-03-27');
INSERT INTO friends VALUES (98,90,17,3,'2014-03-20');
INSERT INTO friends VALUES (99,20,36,4,'2014-08-12');
INSERT INTO friends VALUES (100,119,29,3,'2016-04-18');
INSERT INTO friends VALUES (101,2,93,3,'2014-11-18');
INSERT INTO friends VALUES (102,6,82,4,'2014-10-24');
INSERT INTO friends VALUES (103,57,129,6,'2016-05-14');
INSERT INTO friends VALUES (104,47,63,2,'2015-10-10');
INSERT INTO friends VALUES (105,68,56,1,'2015-12-07');
INSERT INTO friends VALUES (106,4,85,4,'2014-12-14');
INSERT INTO friends VALUES (107,28,9,4,'2016-06-18');
INSERT INTO friends VALUES (108,81,95,3,'2014-05-11');
INSERT INTO friends VALUES (109,41,21,6,'2014-05-21');
INSERT INTO friends VALUES (110,86,85,2,'2016-05-19');
INSERT INTO friends VALUES (111,97,56,4,'2015-03-24');
INSERT INTO friends VALUES (112,66,15,1,'2015-06-09');
INSERT INTO friends VALUES (113,80,37,6,'2015-06-12');
INSERT INTO friends VALUES (114,50,92,4,'2014-06-08');
INSERT INTO friends VALUES (115,23,114,2,'2014-07-30');
INSERT INTO friends VALUES (116,48,40,6,'2014-02-07');
INSERT INTO friends VALUES (117,80,39,1,'2014-06-29');
INSERT INTO friends VALUES (118,97,31,6,'2014-09-11');
INSERT INTO friends VALUES (119,65,40,5,'2016-04-06');
INSERT INTO friends VALUES (120,119,72,2,'2016-07-14');
INSERT INTO friends VALUES (121,93,29,4,'2015-07-13');
INSERT INTO friends VALUES (122,5,129,4,'2015-02-22');
INSERT INTO friends VALUES (123,59,116,5,'2016-07-08');
INSERT INTO friends VALUES (124,109,117,1,'2016-02-02');
INSERT INTO friends VALUES (125,110,68,1,'2016-10-26');
INSERT INTO friends VALUES (126,111,81,6,'2015-02-01');
INSERT INTO friends VALUES (127,7,74,4,'2014-10-12');
INSERT INTO friends VALUES (128,125,110,5,'2016-09-28');
INSERT INTO friends VALUES (129,81,3,3,'2016-07-29');
INSERT INTO friends VALUES (130,19,88,2,'2014-01-20');
INSERT INTO friends VALUES (131,43,95,4,'2014-01-30');
INSERT INTO friends VALUES (132,37,92,2,'2014-08-30');
INSERT INTO friends VALUES (133,118,96,2,'2015-12-28');
INSERT INTO friends VALUES (134,44,76,1,'2015-06-25');
INSERT INTO friends VALUES (135,87,110,5,'2014-02-18');
INSERT INTO friends VALUES (136,54,113,5,'2016-08-02');
INSERT INTO friends VALUES (137,66,21,3,'2014-04-23');
INSERT INTO friends VALUES (138,105,79,4,'2016-05-24');
INSERT INTO friends VALUES (139,41,113,4,'2014-04-12');
INSERT INTO friends VALUES (140,19,8,2,'2015-08-04');
INSERT INTO friends VALUES (141,30,114,5,'2014-09-10');
INSERT INTO friends VALUES (142,22,63,3,'2014-07-05');
INSERT INTO friends VALUES (143,48,58,3,'2015-04-26');
INSERT INTO friends VALUES (144,115,75,2,'2014-09-25');
INSERT INTO friends VALUES (145,23,56,2,'2016-11-22');
INSERT INTO friends VALUES (146,23,92,4,'2014-03-21');
INSERT INTO friends VALUES (147,19,11,2,'2014-09-10');
INSERT INTO friends VALUES (148,55,5,1,'2014-06-10');
INSERT INTO friends VALUES (149,82,80,5,'2014-08-25');
INSERT INTO friends VALUES (150,128,120,5,'2016-10-10');
INSERT INTO friends VALUES (151,128,88,2,'2015-01-16');
INSERT INTO friends VALUES (152,53,102,1,'2015-11-08');
INSERT INTO friends VALUES (153,91,125,1,'2015-03-01');
INSERT INTO friends VALUES (154,43,38,5,'2014-01-12');
INSERT INTO friends VALUES (155,91,117,1,'2015-10-10');
INSERT INTO friends VALUES (156,68,90,5,'2016-05-25');
INSERT INTO friends VALUES (157,119,93,2,'2015-11-25');
INSERT INTO friends VALUES (158,67,80,4,'2014-03-23');
INSERT INTO friends VALUES (159,46,71,2,'2016-04-03');
INSERT INTO friends VALUES (160,26,91,3,'2015-06-28');
INSERT INTO friends VALUES (161,24,10,3,'2015-12-17');
INSERT INTO friends VALUES (162,93,71,6,'2016-03-08');
INSERT INTO friends VALUES (163,67,70,1,'2014-06-07');
INSERT INTO friends VALUES (164,1,60,1,'2014-02-19');
INSERT INTO friends VALUES (165,19,117,3,'2015-04-07');
INSERT INTO friends VALUES (166,80,40,3,'2016-02-08');
INSERT INTO friends VALUES (167,11,115,5,'2015-01-13');
INSERT INTO friends VALUES (168,37,95,3,'2016-01-30');
INSERT INTO friends VALUES (169,4,126,5,'2014-09-22');
INSERT INTO friends VALUES (170,23,84,5,'2016-06-28');
INSERT INTO friends VALUES (171,96,86,1,'2014-12-17');
INSERT INTO friends VALUES (172,45,98,3,'2016-11-18');
INSERT INTO friends VALUES (173,102,38,4,'2016-09-18');
INSERT INTO friends VALUES (174,27,43,3,'2016-09-17');
INSERT INTO friends VALUES (175,15,33,1,'2016-01-09');
INSERT INTO friends VALUES (176,6,16,5,'2014-03-27');
INSERT INTO friends VALUES (177,68,123,6,'2014-11-28');
INSERT INTO friends VALUES (178,12,52,2,'2015-06-16');
INSERT INTO friends VALUES (179,46,91,3,'2014-06-23');
INSERT INTO friends VALUES (180,130,96,5,'2014-02-24');
INSERT INTO friends VALUES (181,90,117,2,'2015-05-24');
INSERT INTO friends VALUES (182,114,113,5,'2014-04-23');
INSERT INTO friends VALUES (183,40,3,3,'2015-06-30');
INSERT INTO friends VALUES (184,62,63,1,'2016-09-17');
INSERT INTO friends VALUES (185,68,52,6,'2016-01-01');
INSERT INTO friends VALUES (186,74,48,4,'2016-01-30');
INSERT INTO friends VALUES (187,74,25,4,'2014-03-18');
INSERT INTO friends VALUES (188,61,37,2,'2016-08-17');
INSERT INTO friends VALUES (189,110,83,6,'2015-07-25');
INSERT INTO friends VALUES (190,98,44,3,'2014-09-17');
INSERT INTO friends VALUES (191,60,76,3,'2016-05-04');
INSERT INTO friends VALUES (192,16,36,6,'2014-01-01');
INSERT INTO friends VALUES (193,24,103,3,'2016-01-30');
INSERT INTO friends VALUES (194,66,44,6,'2016-11-23');
INSERT INTO friends VALUES (195,34,31,2,'2016-08-03');
INSERT INTO friends VALUES (196,58,45,2,'2015-09-15');
INSERT INTO friends VALUES (197,21,114,2,'2014-01-01');
INSERT INTO friends VALUES (198,30,17,2,'2016-12-06');
INSERT INTO friends VALUES (199,79,88,2,'2015-04-15');
INSERT INTO friends VALUES (200,81,79,3,'2015-10-23');
INSERT INTO friends VALUES (201,2,109,4,'2016-07-30');
INSERT INTO friends VALUES (202,50,108,3,'2014-08-01');
INSERT INTO friends VALUES (203,90,26,2,'2015-01-11');
INSERT INTO friends VALUES (204,73,44,6,'2016-11-01');
INSERT INTO friends VALUES (205,107,67,2,'2015-08-07');
INSERT INTO friends VALUES (206,116,61,6,'2016-02-03');
INSERT INTO friends VALUES (207,88,93,2,'2016-10-17');
INSERT INTO friends VALUES (208,121,126,3,'2014-04-20');
INSERT INTO friends VALUES (209,33,129,4,'2014-11-20');
INSERT INTO friends VALUES (210,1,56,4,'2016-12-04');
INSERT INTO friends VALUES (211,55,123,3,'2015-01-22');
INSERT INTO friends VALUES (212,111,11,4,'2015-11-11');
INSERT INTO friends VALUES (213,129,73,6,'2015-12-29');
INSERT INTO friends VALUES (214,17,125,4,'2014-08-15');
INSERT INTO friends VALUES (215,66,75,4,'2015-06-08');
INSERT INTO friends VALUES (216,50,85,3,'2014-04-02');
INSERT INTO friends VALUES (217,21,13,3,'2015-11-29');
INSERT INTO friends VALUES (218,73,25,5,'2015-04-23');
INSERT INTO friends VALUES (219,112,4,6,'2015-05-12');
INSERT INTO friends VALUES (220,5,25,6,'2014-04-03');
INSERT INTO friends VALUES (221,81,28,5,'2014-11-30');
INSERT INTO friends VALUES (222,114,92,6,'2016-06-23');
INSERT INTO friends VALUES (223,24,17,2,'2014-12-15');
INSERT INTO friends VALUES (224,85,33,6,'2015-03-27');
INSERT INTO friends VALUES (225,111,21,4,'2016-06-04');
INSERT INTO friends VALUES (226,17,108,5,'2015-01-17');
INSERT INTO friends VALUES (227,93,81,2,'2015-05-12');
INSERT INTO friends VALUES (228,75,27,2,'2016-10-23');
INSERT INTO friends VALUES (229,57,50,3,'2014-12-02');
INSERT INTO friends VALUES (230,14,18,2,'2016-07-18');
INSERT INTO friends VALUES (231,125,106,6,'2015-07-04');
INSERT INTO friends VALUES (232,89,77,1,'2015-06-12');
INSERT INTO friends VALUES (233,114,26,5,'2016-02-20');
INSERT INTO friends VALUES (234,31,102,6,'2015-05-30');
INSERT INTO friends VALUES (235,128,4,2,'2015-06-01');
INSERT INTO friends VALUES (236,28,104,6,'2014-06-25');
INSERT INTO friends VALUES (237,9,106,6,'2016-01-07');
INSERT INTO friends VALUES (238,103,81,5,'2014-09-23');
INSERT INTO friends VALUES (239,78,20,5,'2016-11-17');
INSERT INTO friends VALUES (240,61,49,6,'2014-10-30');
INSERT INTO friends VALUES (241,12,79,6,'2014-01-20');
INSERT INTO friends VALUES (242,113,94,1,'2015-08-14');
INSERT INTO friends VALUES (243,74,50,5,'2015-03-08');
INSERT INTO friends VALUES (244,13,85,2,'2016-02-01');
INSERT INTO friends VALUES (245,48,129,2,'2016-12-11');
INSERT INTO friends VALUES (246,114,128,1,'2014-06-07');
INSERT INTO friends VALUES (247,91,43,3,'2016-01-24');
INSERT INTO friends VALUES (248,110,69,3,'2016-06-07');
INSERT INTO friends VALUES (249,104,105,5,'2015-01-14');
INSERT INTO friends VALUES (250,101,65,4,'2014-07-14');
INSERT INTO friends VALUES (251,69,59,6,'2014-06-21');
INSERT INTO friends VALUES (252,75,127,5,'2016-11-13');
INSERT INTO friends VALUES (253,80,2,4,'2015-02-20');
INSERT INTO friends VALUES (254,29,39,2,'2016-06-07');
INSERT INTO friends VALUES (255,94,62,3,'2015-10-14');
INSERT INTO friends VALUES (256,119,98,2,'2016-02-05');
INSERT INTO friends VALUES (257,100,11,1,'2014-07-14');
INSERT INTO friends VALUES (258,2,126,6,'2015-10-26');
INSERT INTO friends VALUES (259,97,2,4,'2014-08-12');
INSERT INTO friends VALUES (260,2,115,3,'2015-08-21');
INSERT INTO friends VALUES (261,50,69,6,'2015-12-19');
INSERT INTO friends VALUES (262,82,17,5,'2015-04-12');
INSERT INTO friends VALUES (263,78,81,6,'2014-02-11');
INSERT INTO friends VALUES (264,51,46,6,'2014-03-10');
INSERT INTO friends VALUES (265,93,62,1,'2015-10-04');
INSERT INTO friends VALUES (266,77,8,6,'2015-07-26');
INSERT INTO friends VALUES (267,124,130,1,'2014-06-16');
INSERT INTO friends VALUES (268,119,68,5,'2014-10-04');
INSERT INTO friends VALUES (269,105,73,5,'2015-08-26');
INSERT INTO friends VALUES (270,96,73,4,'2015-08-29');
INSERT INTO friends VALUES (271,43,114,5,'2014-11-06');
INSERT INTO friends VALUES (272,14,68,4,'2016-05-13');
INSERT INTO friends VALUES (273,5,21,6,'2016-12-16');
INSERT INTO friends VALUES (274,18,36,5,'2014-08-27');
INSERT INTO friends VALUES (275,62,129,3,'2016-01-09');
INSERT INTO friends VALUES (276,29,54,4,'2015-03-11');
INSERT INTO friends VALUES (277,42,29,2,'2015-03-02');
INSERT INTO friends VALUES (278,38,18,3,'2015-08-17');
INSERT INTO friends VALUES (279,70,11,2,'2014-07-01');
INSERT INTO friends VALUES (280,64,120,5,'2016-05-24');
INSERT INTO friends VALUES (281,34,101,3,'2015-03-07');
INSERT INTO friends VALUES (282,10,31,2,'2016-06-02');
INSERT INTO friends VALUES (283,16,34,4,'2015-06-26');
INSERT INTO friends VALUES (284,34,59,4,'2016-12-19');
INSERT INTO friends VALUES (285,101,18,2,'2014-02-11');
INSERT INTO friends VALUES (286,120,41,5,'2015-04-08');
INSERT INTO friends VALUES (287,30,33,4,'2015-05-26');
INSERT INTO friends VALUES (288,11,118,1,'2015-04-15');
INSERT INTO friends VALUES (289,121,50,2,'2016-10-30');
INSERT INTO friends VALUES (290,11,13,6,'2015-06-01');
INSERT INTO friends VALUES (291,25,14,5,'2015-06-19');
INSERT INTO friends VALUES (292,130,91,2,'2015-01-28');
INSERT INTO friends VALUES (293,31,21,3,'2015-08-12');
INSERT INTO friends VALUES (294,94,106,4,'2014-07-11');
INSERT INTO friends VALUES (295,93,115,1,'2014-06-16');
INSERT INTO friends VALUES (296,106,120,1,'2014-03-10');
INSERT INTO friends VALUES (297,54,40,6,'2014-03-27');
INSERT INTO friends VALUES (298,14,32,3,'2015-09-26');
INSERT INTO friends VALUES (299,107,120,2,'2015-06-26');
INSERT INTO friends VALUES (300,105,110,2,'2014-07-17');
INSERT INTO friends VALUES (301,124,98,3,'2014-08-27');
INSERT INTO friends VALUES (302,126,17,4,'2016-10-16');
INSERT INTO friends VALUES (303,79,62,4,'2016-04-09');
INSERT INTO friends VALUES (304,60,90,2,'2016-03-20');
INSERT INTO friends VALUES (305,2,42,3,'2015-09-18');
INSERT INTO friends VALUES (306,67,34,3,'2016-06-13');
INSERT INTO friends VALUES (307,33,119,6,'2014-08-13');
INSERT INTO friends VALUES (308,7,70,1,'2016-01-05');
INSERT INTO friends VALUES (309,23,30,3,'2015-08-14');
INSERT INTO friends VALUES (310,58,3,6,'2016-06-03');
INSERT INTO friends VALUES (311,76,53,3,'2014-07-29');
INSERT INTO friends VALUES (312,99,103,6,'2016-11-30');
INSERT INTO friends VALUES (313,97,69,2,'2015-09-07');
INSERT INTO friends VALUES (314,93,57,4,'2014-12-25');
INSERT INTO friends VALUES (315,29,121,1,'2016-11-21');
INSERT INTO friends VALUES (316,32,66,4,'2014-12-08');
INSERT INTO friends VALUES (317,101,68,4,'2015-09-22');
INSERT INTO friends VALUES (318,9,20,5,'2014-06-23');
INSERT INTO friends VALUES (319,10,12,1,'2016-04-11');
INSERT INTO friends VALUES (320,105,127,4,'2016-04-04');
INSERT INTO friends VALUES (321,103,24,5,'2016-04-05');
INSERT INTO friends VALUES (322,116,71,1,'2015-07-20');
INSERT INTO friends VALUES (323,125,34,2,'2014-03-13');
INSERT INTO friends VALUES (324,56,58,1,'2016-01-25');
INSERT INTO friends VALUES (325,39,71,1,'2015-08-15');
INSERT INTO friends VALUES (326,50,21,1,'2016-07-23');
INSERT INTO friends VALUES (327,85,12,4,'2016-02-07');
INSERT INTO friends VALUES (328,71,74,3,'2016-06-30');
INSERT INTO friends VALUES (329,104,60,5,'2016-04-21');
INSERT INTO friends VALUES (330,122,29,5,'2015-12-27');
INSERT INTO friends VALUES (331,97,77,6,'2015-04-28');
INSERT INTO friends VALUES (332,108,52,4,'2016-09-26');
INSERT INTO friends VALUES (333,101,64,4,'2015-08-01');
INSERT INTO friends VALUES (334,122,45,2,'2014-07-11');
INSERT INTO friends VALUES (335,121,4,4,'2016-01-06');
INSERT INTO friends VALUES (336,9,95,3,'2014-09-24');
INSERT INTO friends VALUES (337,36,127,1,'2016-09-10');
INSERT INTO friends VALUES (338,80,94,5,'2015-06-12');
INSERT INTO friends VALUES (339,8,68,5,'2016-11-22');
INSERT INTO friends VALUES (340,129,24,5,'2015-12-18');
INSERT INTO friends VALUES (341,122,17,2,'2015-04-06');
INSERT INTO friends VALUES (342,65,96,2,'2014-12-04');
INSERT INTO friends VALUES (343,36,116,6,'2015-03-17');
INSERT INTO friends VALUES (344,80,29,6,'2014-10-16');
INSERT INTO friends VALUES (345,17,45,5,'2015-05-16');
INSERT INTO friends VALUES (346,35,103,4,'2015-12-19');
INSERT INTO friends VALUES (347,48,12,1,'2016-05-23');
INSERT INTO friends VALUES (348,86,9,4,'2014-11-14');
INSERT INTO friends VALUES (349,115,11,3,'2016-01-23');
INSERT INTO friends VALUES (350,100,1,6,'2015-08-05');
INSERT INTO friends VALUES (351,67,115,6,'2015-08-10');
INSERT INTO friends VALUES (352,72,112,1,'2016-05-17');
INSERT INTO friends VALUES (353,44,25,1,'2014-03-13');
INSERT INTO friends VALUES (354,70,2,1,'2014-02-12');
INSERT INTO friends VALUES (355,97,95,3,'2016-02-16');
INSERT INTO friends VALUES (356,52,46,4,'2016-11-21');
INSERT INTO friends VALUES (357,41,27,5,'2016-07-28');
INSERT INTO friends VALUES (358,80,13,2,'2016-12-15');
INSERT INTO friends VALUES (359,85,54,6,'2014-12-26');
INSERT INTO friends VALUES (360,102,14,5,'2014-04-23');
INSERT INTO friends VALUES (361,130,126,1,'2015-02-07');
INSERT INTO friends VALUES (362,102,67,2,'2015-04-05');
INSERT INTO friends VALUES (363,62,25,2,'2014-02-28');
INSERT INTO friends VALUES (364,93,104,4,'2016-05-08');
INSERT INTO friends VALUES (365,15,26,4,'2015-08-18');
INSERT INTO friends VALUES (366,75,122,3,'2015-02-24');
INSERT INTO friends VALUES (367,46,93,5,'2014-05-05');
INSERT INTO friends VALUES (368,62,31,2,'2014-03-24');
INSERT INTO friends VALUES (369,16,11,6,'2014-02-27');
INSERT INTO friends VALUES (370,14,104,1,'2014-01-18');
INSERT INTO friends VALUES (371,61,16,5,'2014-09-27');
INSERT INTO friends VALUES (372,54,45,1,'2014-07-02');
INSERT INTO friends VALUES (373,31,53,6,'2016-10-22');
INSERT INTO friends VALUES (374,52,60,6,'2014-08-13');
INSERT INTO friends VALUES (375,99,89,6,'2014-04-11');
INSERT INTO friends VALUES (376,44,36,6,'2015-11-07');
INSERT INTO friends VALUES (377,34,115,1,'2016-02-17');
INSERT INTO friends VALUES (378,18,84,3,'2016-02-26');
INSERT INTO friends VALUES (379,79,56,5,'2016-01-21');
INSERT INTO friends VALUES (380,129,124,3,'2015-09-06');
INSERT INTO friends VALUES (381,111,4,1,'2014-12-22');
INSERT INTO friends VALUES (382,32,91,2,'2014-12-15');
INSERT INTO friends VALUES (383,116,95,6,'2016-11-06');
INSERT INTO friends VALUES (384,6,53,1,'2016-01-13');
INSERT INTO friends VALUES (385,69,2,2,'2016-05-24');
INSERT INTO friends VALUES (386,33,84,4,'2016-07-19');
INSERT INTO friends VALUES (387,11,62,3,'2014-03-11');
INSERT INTO friends VALUES (388,84,31,1,'2015-10-05');
INSERT INTO friends VALUES (389,93,1,1,'2015-03-16');
INSERT INTO friends VALUES (390,106,35,6,'2014-04-09');
INSERT INTO friends VALUES (391,123,36,6,'2016-06-14');
INSERT INTO friends VALUES (392,90,97,3,'2016-08-28');
INSERT INTO friends VALUES (393,23,18,5,'2016-01-28');
INSERT INTO friends VALUES (394,20,25,2,'2015-06-01');
INSERT INTO friends VALUES (395,77,94,6,'2016-09-30');
INSERT INTO friends VALUES (396,34,8,5,'2015-07-08');
INSERT INTO friends VALUES (397,99,100,4,'2016-07-14');
INSERT INTO friends VALUES (398,63,73,3,'2016-12-13');
INSERT INTO friends VALUES (399,54,37,6,'2014-05-14');
INSERT INTO friends VALUES (400,60,98,5,'2016-01-11');
INSERT INTO friends VALUES (401,95,60,2,'2014-03-17');
INSERT INTO friends VALUES (402,24,109,2,'2016-09-06');
INSERT INTO friends VALUES (403,38,43,2,'2015-01-17');
INSERT INTO friends VALUES (404,115,29,6,'2014-12-15');
INSERT INTO friends VALUES (405,91,105,1,'2015-08-01');
INSERT INTO friends VALUES (406,127,11,2,'2015-12-09');
INSERT INTO friends VALUES (407,118,15,2,'2016-08-03');
INSERT INTO friends VALUES (408,91,36,6,'2015-02-14');
INSERT INTO friends VALUES (409,7,101,2,'2014-06-10');
INSERT INTO friends VALUES (410,78,76,6,'2015-02-26');
INSERT INTO friends VALUES (411,16,50,5,'2015-11-16');
INSERT INTO friends VALUES (412,122,38,2,'2015-03-30');
INSERT INTO friends VALUES (413,83,78,6,'2014-06-27');
INSERT INTO friends VALUES (414,38,89,1,'2016-03-03');
INSERT INTO friends VALUES (415,46,114,5,'2014-04-08');
INSERT INTO friends VALUES (416,20,65,4,'2016-09-03');
INSERT INTO friends VALUES (417,28,80,1,'2016-11-11');
INSERT INTO friends VALUES (418,84,46,1,'2014-09-25');
INSERT INTO friends VALUES (419,109,103,1,'2014-06-20');
INSERT INTO friends VALUES (420,40,66,6,'2014-10-20');
INSERT INTO friends VALUES (421,87,106,3,'2016-12-27');
INSERT INTO friends VALUES (422,112,50,1,'2015-10-05');
INSERT INTO friends VALUES (423,48,98,1,'2015-09-23');
INSERT INTO friends VALUES (424,9,54,5,'2016-11-18');
INSERT INTO friends VALUES (425,22,87,6,'2014-09-06');
INSERT INTO friends VALUES (426,75,14,4,'2015-10-17');
INSERT INTO friends VALUES (427,114,65,4,'2014-07-15');
INSERT INTO friends VALUES (428,54,15,5,'2014-01-09');
INSERT INTO friends VALUES (429,109,125,3,'2016-01-25');
INSERT INTO friends VALUES (430,28,99,6,'2014-06-18');
INSERT INTO friends VALUES (431,13,46,6,'2016-09-13');
INSERT INTO friends VALUES (432,109,74,2,'2014-10-24');
INSERT INTO friends VALUES (433,26,79,5,'2015-05-02');
INSERT INTO friends VALUES (434,12,20,1,'2016-07-08');
INSERT INTO friends VALUES (435,107,109,6,'2016-10-16');
INSERT INTO friends VALUES (436,14,84,2,'2016-01-07');
INSERT INTO friends VALUES (437,35,91,6,'2015-10-15');
INSERT INTO friends VALUES (438,6,7,3,'2016-07-24');
INSERT INTO friends VALUES (439,51,50,4,'2015-05-18');
INSERT INTO friends VALUES (440,30,93,1,'2014-09-04');
INSERT INTO friends VALUES (441,70,77,4,'2015-05-02');
INSERT INTO friends VALUES (442,82,71,2,'2014-01-24');
INSERT INTO friends VALUES (443,17,12,4,'2014-11-12');
INSERT INTO friends VALUES (444,9,117,1,'2014-06-09');
INSERT INTO friends VALUES (445,92,1,6,'2016-03-23');
INSERT INTO friends VALUES (446,61,35,2,'2015-06-15');
INSERT INTO friends VALUES (447,1,33,1,'2016-10-13');
INSERT INTO friends VALUES (448,19,47,6,'2014-09-03');
INSERT INTO friends VALUES (449,120,42,3,'2016-03-13');
INSERT INTO friends VALUES (450,92,64,2,'2014-06-19');
INSERT INTO friends VALUES (451,2,124,5,'2015-12-18');
INSERT INTO friends VALUES (452,26,66,4,'2014-05-26');
INSERT INTO friends VALUES (453,29,7,3,'2014-04-07');
INSERT INTO friends VALUES (454,17,118,3,'2015-12-25');
INSERT INTO friends VALUES (455,103,109,5,'2016-02-01');
INSERT INTO friends VALUES (456,15,21,1,'2016-01-24');
INSERT INTO friends VALUES (457,100,81,5,'2015-10-10');
INSERT INTO friends VALUES (458,84,102,4,'2014-04-27');
INSERT INTO friends VALUES (459,63,2,6,'2016-06-13');
INSERT INTO friends VALUES (460,99,25,6,'2015-09-01');
INSERT INTO friends VALUES (461,57,19,3,'2016-09-19');
INSERT INTO friends VALUES (462,50,29,6,'2015-01-05');
INSERT INTO friends VALUES (463,80,25,2,'2016-08-28');
INSERT INTO friends VALUES (464,70,73,4,'2014-03-13');
INSERT INTO friends VALUES (465,83,62,3,'2014-12-27');
INSERT INTO friends VALUES (466,14,113,6,'2014-11-13');
INSERT INTO friends VALUES (467,109,36,6,'2016-12-09');
INSERT INTO friends VALUES (468,96,67,5,'2015-02-19');
INSERT INTO friends VALUES (469,55,42,2,'2015-05-06');
INSERT INTO friends VALUES (470,70,95,1,'2015-10-28');
INSERT INTO friends VALUES (471,7,49,1,'2014-06-18');
INSERT INTO friends VALUES (472,82,29,1,'2016-11-25');
INSERT INTO friends VALUES (473,109,98,5,'2015-03-12');
INSERT INTO friends VALUES (474,80,26,2,'2015-01-18');
INSERT INTO friends VALUES (475,103,78,2,'2014-02-13');
INSERT INTO friends VALUES (476,95,43,3,'2016-10-17');
INSERT INTO friends VALUES (477,32,95,2,'2014-05-07');
INSERT INTO friends VALUES (478,43,1,5,'2014-11-21');
INSERT INTO friends VALUES (479,48,117,6,'2016-08-16');
INSERT INTO friends VALUES (480,113,115,6,'2015-05-08');
INSERT INTO friends VALUES (481,13,113,5,'2014-03-25');
INSERT INTO friends VALUES (482,67,99,5,'2016-03-12');
INSERT INTO friends VALUES (483,6,24,2,'2014-10-02');
INSERT INTO friends VALUES (484,121,7,2,'2016-03-27');
INSERT INTO friends VALUES (485,9,24,3,'2014-01-21');
INSERT INTO friends VALUES (486,75,48,4,'2014-09-17');
INSERT INTO friends VALUES (487,26,45,6,'2015-12-15');
INSERT INTO friends VALUES (488,107,5,2,'2014-01-07');
INSERT INTO friends VALUES (489,74,44,4,'2016-11-11');
INSERT INTO friends VALUES (490,67,104,6,'2014-04-30');
INSERT INTO friends VALUES (491,84,44,5,'2016-04-15');
INSERT INTO friends VALUES (492,34,99,1,'2014-01-12');
INSERT INTO friends VALUES (493,51,8,5,'2016-10-18');
INSERT INTO friends VALUES (494,124,9,1,'2015-06-20');
INSERT INTO friends VALUES (495,84,8,6,'2016-06-02');
INSERT INTO friends VALUES (496,6,73,4,'2015-05-07');
INSERT INTO friends VALUES (497,57,112,5,'2014-02-22');
INSERT INTO friends VALUES (498,35,100,1,'2016-02-22');
INSERT INTO friends VALUES (499,23,55,3,'2014-02-06');
INSERT INTO friends VALUES (500,115,121,1,'2015-08-07');
INSERT INTO friends VALUES (501,94,2,3,'2015-07-09');
INSERT INTO friends VALUES (502,65,117,5,'2015-02-28');
INSERT INTO friends VALUES (503,111,53,2,'2014-02-13');
INSERT INTO friends VALUES (504,95,81,2,'2015-01-27');
INSERT INTO friends VALUES (505,109,116,4,'2015-06-10');
INSERT INTO friends VALUES (506,55,114,4,'2016-02-10');
INSERT INTO friends VALUES (507,115,90,6,'2015-11-08');
INSERT INTO friends VALUES (508,44,33,1,'2016-01-14');
INSERT INTO friends VALUES (509,51,97,6,'2016-08-16');
INSERT INTO friends VALUES (510,33,62,2,'2015-08-16');
INSERT INTO friends VALUES (511,51,69,4,'2014-12-02');
INSERT INTO friends VALUES (512,76,67,3,'2015-11-11');
INSERT INTO friends VALUES (513,129,103,1,'2014-08-17');
INSERT INTO friends VALUES (514,111,90,4,'2015-04-22');
INSERT INTO friends VALUES (515,12,108,4,'2015-05-02');
INSERT INTO friends VALUES (516,117,81,5,'2016-06-23');
INSERT INTO friends VALUES (517,124,40,1,'2016-08-13');
INSERT INTO friends VALUES (518,9,2,2,'2015-08-01');
INSERT INTO friends VALUES (519,111,112,5,'2015-06-08');
INSERT INTO friends VALUES (520,16,111,5,'2015-11-01');
INSERT INTO friends VALUES (521,48,50,4,'2015-05-30');
INSERT INTO friends VALUES (522,9,47,1,'2014-06-12');
INSERT INTO friends VALUES (523,110,49,1,'2014-01-29');
INSERT INTO friends VALUES (524,95,37,3,'2015-02-04');
INSERT INTO friends VALUES (525,43,78,1,'2014-02-26');
INSERT INTO friends VALUES (526,21,91,6,'2015-05-04');
INSERT INTO friends VALUES (527,53,49,6,'2015-06-15');
INSERT INTO friends VALUES (528,56,118,5,'2014-04-22');
INSERT INTO friends VALUES (529,100,82,1,'2015-08-21');
INSERT INTO friends VALUES (530,123,80,3,'2015-08-14');
INSERT INTO friends VALUES (531,10,125,5,'2014-06-06');
INSERT INTO friends VALUES (532,20,14,4,'2016-06-17');
INSERT INTO friends VALUES (533,107,128,1,'2014-06-29');
INSERT INTO friends VALUES (534,128,124,6,'2016-09-29');
INSERT INTO friends VALUES (535,5,14,5,'2015-04-27');
INSERT INTO friends VALUES (536,75,76,4,'2015-08-22');
INSERT INTO friends VALUES (537,112,30,5,'2014-10-12');
INSERT INTO friends VALUES (538,33,67,6,'2014-08-02');
INSERT INTO friends VALUES (539,32,68,4,'2014-02-05');
INSERT INTO friends VALUES (540,56,107,5,'2016-05-14');
INSERT INTO friends VALUES (541,51,106,1,'2016-11-12');
INSERT INTO friends VALUES (542,48,45,6,'2016-01-09');
INSERT INTO friends VALUES (543,2,112,2,'2014-11-15');
INSERT INTO friends VALUES (544,63,81,2,'2016-01-23');
INSERT INTO friends VALUES (545,107,50,2,'2014-08-12');
INSERT INTO friends VALUES (546,80,62,1,'2016-03-29');
INSERT INTO friends VALUES (547,17,53,3,'2016-04-26');
INSERT INTO friends VALUES (548,77,92,6,'2015-06-20');
INSERT INTO friends VALUES (549,104,128,4,'2014-08-19');
INSERT INTO friends VALUES (550,36,74,4,'2016-04-27');
INSERT INTO friends VALUES (551,72,68,2,'2016-04-19');
INSERT INTO friends VALUES (552,78,82,3,'2014-07-18');
INSERT INTO friends VALUES (553,67,63,3,'2016-03-10');
INSERT INTO friends VALUES (554,72,78,4,'2016-09-28');
INSERT INTO friends VALUES (555,91,104,3,'2015-06-28');
INSERT INTO friends VALUES (556,85,39,3,'2015-05-28');
INSERT INTO friends VALUES (557,107,9,1,'2015-06-07');
INSERT INTO friends VALUES (558,106,43,4,'2016-03-28');
INSERT INTO friends VALUES (559,38,128,6,'2016-03-16');
INSERT INTO friends VALUES (560,13,30,1,'2016-08-29');
INSERT INTO friends VALUES (561,53,32,3,'2016-05-30');
INSERT INTO friends VALUES (562,93,55,5,'2016-03-04');
INSERT INTO friends VALUES (563,100,52,5,'2015-07-01');
INSERT INTO friends VALUES (564,24,126,2,'2015-06-08');
INSERT INTO friends VALUES (565,112,38,1,'2014-02-07');
INSERT INTO friends VALUES (566,27,35,1,'2014-05-15');
INSERT INTO friends VALUES (567,24,42,1,'2014-02-01');
INSERT INTO friends VALUES (568,47,65,4,'2015-03-07');
INSERT INTO friends VALUES (569,57,81,4,'2015-04-26');
INSERT INTO friends VALUES (570,37,44,6,'2015-08-30');
INSERT INTO friends VALUES (571,68,12,2,'2015-12-05');
INSERT INTO friends VALUES (572,20,84,2,'2015-04-30');
INSERT INTO friends VALUES (573,88,59,2,'2014-12-18');
INSERT INTO friends VALUES (574,67,25,4,'2014-09-18');
INSERT INTO friends VALUES (575,91,67,1,'2014-07-11');
INSERT INTO friends VALUES (576,93,6,6,'2016-06-29');
INSERT INTO friends VALUES (577,117,15,5,'2016-06-09');
INSERT INTO friends VALUES (578,44,66,3,'2015-09-03');
INSERT INTO friends VALUES (579,59,100,2,'2016-02-02');
INSERT INTO friends VALUES (580,10,121,2,'2016-02-21');
INSERT INTO friends VALUES (581,36,70,6,'2016-09-28');
INSERT INTO friends VALUES (582,31,112,2,'2016-07-10');
INSERT INTO friends VALUES (583,47,121,4,'2016-08-28');
INSERT INTO friends VALUES (584,10,4,6,'2015-05-04');
INSERT INTO friends VALUES (585,84,111,5,'2015-08-10');
INSERT INTO friends VALUES (586,31,66,5,'2015-02-22');
INSERT INTO friends VALUES (587,69,77,2,'2014-03-21');
INSERT INTO friends VALUES (588,53,80,5,'2016-11-10');
INSERT INTO friends VALUES (589,60,120,5,'2016-12-11');
INSERT INTO friends VALUES (590,42,15,2,'2014-07-12');
INSERT INTO friends VALUES (591,42,68,4,'2016-04-22');
INSERT INTO friends VALUES (592,44,86,5,'2015-07-04');
INSERT INTO friends VALUES (593,14,83,1,'2016-07-29');
INSERT INTO friends VALUES (594,36,96,3,'2016-11-13');
INSERT INTO friends VALUES (595,13,37,3,'2016-07-26');
INSERT INTO friends VALUES (596,72,31,2,'2015-07-27');
INSERT INTO friends VALUES (597,123,95,1,'2014-09-23');
INSERT INTO friends VALUES (598,126,117,4,'2014-07-03');
INSERT INTO friends VALUES (599,97,124,1,'2015-10-20');
INSERT INTO friends VALUES (600,20,21,6,'2014-10-24');
INSERT INTO friends VALUES (601,25,47,3,'2014-11-11');
INSERT INTO friends VALUES (602,87,58,4,'2016-04-02');
INSERT INTO friends VALUES (603,123,15,4,'2014-02-26');
INSERT INTO friends VALUES (604,22,76,6,'2015-02-21');
INSERT INTO friends VALUES (605,58,50,3,'2014-10-13');
INSERT INTO friends VALUES (606,72,57,6,'2016-07-26');
INSERT INTO friends VALUES (607,1,20,4,'2016-06-05');
INSERT INTO friends VALUES (608,49,27,5,'2014-07-13');
INSERT INTO friends VALUES (609,21,102,2,'2016-05-26');
INSERT INTO friends VALUES (610,11,21,4,'2016-01-07');
INSERT INTO friends VALUES (611,76,11,3,'2016-12-25');
INSERT INTO friends VALUES (612,119,66,4,'2015-10-22');
INSERT INTO friends VALUES (613,4,74,4,'2015-09-22');
INSERT INTO friends VALUES (614,65,16,6,'2014-08-01');
INSERT INTO friends VALUES (615,58,38,3,'2015-01-04');
INSERT INTO friends VALUES (616,122,104,5,'2014-10-08');
INSERT INTO friends VALUES (617,86,58,1,'2014-11-11');
INSERT INTO friends VALUES (618,2,94,2,'2016-06-13');
INSERT INTO friends VALUES (619,22,104,6,'2015-09-02');
INSERT INTO friends VALUES (620,65,106,6,'2015-11-08');
INSERT INTO friends VALUES (621,35,63,4,'2015-09-13');
INSERT INTO friends VALUES (622,109,48,3,'2015-09-22');
INSERT INTO friends VALUES (623,130,15,1,'2015-09-29');
INSERT INTO friends VALUES (624,59,48,6,'2014-07-24');
INSERT INTO friends VALUES (625,46,40,1,'2015-01-04');
INSERT INTO friends VALUES (626,13,34,4,'2015-06-25');
INSERT INTO friends VALUES (627,5,1,2,'2014-05-11');
INSERT INTO friends VALUES (628,99,120,4,'2016-09-23');
INSERT INTO friends VALUES (629,70,90,5,'2015-09-28');
INSERT INTO friends VALUES (630,104,35,1,'2014-11-29');
INSERT INTO friends VALUES (631,9,49,3,'2014-03-13');
INSERT INTO friends VALUES (632,1,19,4,'2016-11-05');
INSERT INTO friends VALUES (633,10,71,5,'2016-04-12');
INSERT INTO friends VALUES (634,128,97,4,'2015-07-28');
INSERT INTO friends VALUES (635,66,72,3,'2014-04-22');
INSERT INTO friends VALUES (636,64,6,3,'2014-08-26');
INSERT INTO friends VALUES (637,106,92,6,'2016-03-14');
INSERT INTO friends VALUES (638,82,57,5,'2016-08-22');
INSERT INTO friends VALUES (639,3,48,6,'2015-11-04');
INSERT INTO friends VALUES (640,12,13,5,'2014-02-26');
INSERT INTO friends VALUES (641,108,9,4,'2016-01-19');
INSERT INTO friends VALUES (642,120,43,4,'2014-05-12');
INSERT INTO friends VALUES (643,121,82,4,'2016-11-16');
INSERT INTO friends VALUES (644,106,47,2,'2015-06-09');
INSERT INTO friends VALUES (645,83,112,3,'2014-12-28');
INSERT INTO friends VALUES (646,80,19,5,'2015-11-25');
INSERT INTO friends VALUES (647,68,125,5,'2016-07-20');
INSERT INTO friends VALUES (648,73,115,4,'2016-09-29');
INSERT INTO friends VALUES (649,91,6,4,'2016-10-21');
INSERT INTO friends VALUES (650,76,103,2,'2014-11-11');
INSERT INTO friends VALUES (651,103,127,2,'2016-12-05');
INSERT INTO friends VALUES (652,112,42,1,'2014-11-19');
INSERT INTO friends VALUES (653,103,129,5,'2016-05-30');
INSERT INTO friends VALUES (654,23,37,5,'2015-01-01');
INSERT INTO friends VALUES (655,46,27,3,'2014-03-03');
INSERT INTO friends VALUES (656,35,65,2,'2016-08-11');
INSERT INTO friends VALUES (657,70,79,3,'2015-12-01');
INSERT INTO friends VALUES (658,17,128,4,'2015-07-11');
INSERT INTO friends VALUES (659,80,92,6,'2016-01-05');
INSERT INTO friends VALUES (660,37,28,5,'2014-09-22');
INSERT INTO friends VALUES (661,22,35,2,'2014-03-12');
INSERT INTO friends VALUES (662,23,79,2,'2015-04-10');
INSERT INTO friends VALUES (663,113,91,3,'2016-08-13');
INSERT INTO friends VALUES (664,29,77,5,'2014-06-07');
INSERT INTO friends VALUES (665,58,72,4,'2016-04-16');
INSERT INTO friends VALUES (666,101,38,4,'2014-02-03');
INSERT INTO friends VALUES (667,13,38,4,'2014-09-01');
INSERT INTO friends VALUES (668,57,69,4,'2014-09-07');
INSERT INTO friends VALUES (669,123,71,2,'2014-01-03');
INSERT INTO friends VALUES (670,27,64,4,'2015-10-23');
INSERT INTO friends VALUES (671,16,42,2,'2014-02-12');
INSERT INTO friends VALUES (672,112,37,1,'2016-08-16');
INSERT INTO friends VALUES (673,104,120,6,'2014-10-08');
INSERT INTO friends VALUES (674,25,75,5,'2015-09-25');
INSERT INTO friends VALUES (675,49,66,1,'2015-02-14');
INSERT INTO friends VALUES (676,60,93,4,'2014-07-09');
INSERT INTO friends VALUES (677,128,29,1,'2016-04-23');
INSERT INTO friends VALUES (678,58,29,6,'2016-06-07');
INSERT INTO friends VALUES (679,111,32,6,'2015-02-14');
INSERT INTO friends VALUES (680,7,22,1,'2016-10-08');
INSERT INTO friends VALUES (681,43,129,6,'2016-11-05');
INSERT INTO friends VALUES (682,7,105,6,'2016-09-25');
INSERT INTO friends VALUES (683,112,121,3,'2014-12-01');
INSERT INTO friends VALUES (684,22,37,2,'2014-04-23');
INSERT INTO friends VALUES (685,19,104,5,'2014-07-09');
INSERT INTO friends VALUES (686,102,88,2,'2016-04-13');
INSERT INTO friends VALUES (687,10,27,6,'2016-11-20');
INSERT INTO friends VALUES (688,101,119,5,'2015-11-18');
INSERT INTO friends VALUES (689,85,51,2,'2014-08-15');
INSERT INTO friends VALUES (690,1,83,3,'2016-10-14');
INSERT INTO friends VALUES (691,38,81,3,'2014-05-30');
INSERT INTO friends VALUES (692,123,100,3,'2014-02-03');
INSERT INTO friends VALUES (693,113,130,6,'2016-12-03');
INSERT INTO friends VALUES (694,120,19,3,'2015-02-20');
INSERT INTO friends VALUES (695,74,58,5,'2014-11-17');
INSERT INTO friends VALUES (696,118,101,2,'2014-12-25');
INSERT INTO friends VALUES (697,89,114,6,'2014-08-28');
INSERT INTO friends VALUES (698,123,18,1,'2015-09-03');
INSERT INTO friends VALUES (699,48,8,4,'2016-09-20');
INSERT INTO friends VALUES (700,45,46,6,'2015-09-27');
INSERT INTO friends VALUES (701,108,61,2,'2014-01-09');
INSERT INTO friends VALUES (702,26,41,3,'2014-12-19');
INSERT INTO friends VALUES (703,124,91,6,'2014-06-30');
INSERT INTO friends VALUES (704,114,115,6,'2016-11-09');
INSERT INTO friends VALUES (705,43,31,6,'2015-05-29');
INSERT INTO friends VALUES (706,112,28,1,'2014-12-14');
INSERT INTO friends VALUES (707,42,45,5,'2014-11-03');
INSERT INTO friends VALUES (708,59,10,5,'2016-10-17');
INSERT INTO friends VALUES (709,97,102,5,'2015-08-01');
INSERT INTO friends VALUES (710,64,15,1,'2014-06-17');
INSERT INTO friends VALUES (711,121,129,1,'2016-02-06');
INSERT INTO friends VALUES (712,72,54,5,'2015-01-21');
INSERT INTO friends VALUES (713,58,49,2,'2016-12-06');
INSERT INTO friends VALUES (714,54,70,6,'2015-05-10');
INSERT INTO friends VALUES (715,44,30,6,'2016-02-20');
INSERT INTO friends VALUES (716,24,50,6,'2016-11-02');
INSERT INTO friends VALUES (717,55,94,3,'2016-10-14');
INSERT INTO friends VALUES (718,97,4,3,'2016-04-13');
INSERT INTO friends VALUES (719,29,103,6,'2014-05-12');
INSERT INTO friends VALUES (720,91,127,4,'2014-03-14');
INSERT INTO friends VALUES (721,29,95,6,'2016-09-18');
INSERT INTO friends VALUES (722,111,73,3,'2015-08-17');
INSERT INTO friends VALUES (723,26,126,6,'2016-07-23');
INSERT INTO friends VALUES (724,115,80,3,'2014-03-30');
INSERT INTO friends VALUES (725,111,72,3,'2014-08-11');
INSERT INTO friends VALUES (726,93,54,3,'2015-02-20');
INSERT INTO friends VALUES (727,117,115,1,'2015-01-06');
INSERT INTO friends VALUES (728,108,3,6,'2016-02-12');
INSERT INTO friends VALUES (729,55,37,6,'2015-09-21');
INSERT INTO friends VALUES (730,90,104,5,'2015-10-14');
INSERT INTO friends VALUES (731,70,36,1,'2014-07-11');
INSERT INTO friends VALUES (732,57,13,3,'2015-11-28');
INSERT INTO friends VALUES (733,55,67,4,'2015-02-04');
INSERT INTO friends VALUES (734,91,38,1,'2016-12-10');
INSERT INTO friends VALUES (735,79,64,3,'2014-04-03');
INSERT INTO friends VALUES (736,50,99,2,'2016-03-15');
INSERT INTO friends VALUES (737,41,61,3,'2014-10-26');
INSERT INTO friends VALUES (738,17,65,2,'2016-10-10');
INSERT INTO friends VALUES (739,97,101,3,'2016-04-01');
INSERT INTO friends VALUES (740,94,6,6,'2014-12-28');
INSERT INTO friends VALUES (741,13,47,1,'2014-03-18');
INSERT INTO friends VALUES (742,125,38,1,'2016-03-29');
INSERT INTO friends VALUES (743,92,81,4,'2016-09-23');
INSERT INTO friends VALUES (744,36,40,5,'2014-08-28');
INSERT INTO friends VALUES (745,117,113,3,'2016-06-18');
INSERT INTO friends VALUES (746,23,45,4,'2014-04-24');
INSERT INTO friends VALUES (747,118,10,2,'2014-05-28');
INSERT INTO friends VALUES (748,88,67,6,'2014-07-21');
INSERT INTO friends VALUES (749,68,37,3,'2016-06-21');
INSERT INTO friends VALUES (750,72,82,3,'2014-12-29');
INSERT INTO friends VALUES (751,46,99,1,'2016-06-19');
INSERT INTO friends VALUES (752,123,52,1,'2015-09-18');
INSERT INTO friends VALUES (753,130,48,4,'2016-09-11');
INSERT INTO friends VALUES (754,75,93,6,'2014-07-03');
INSERT INTO friends VALUES (755,120,18,6,'2016-12-30');
INSERT INTO friends VALUES (756,93,74,5,'2016-04-04');
INSERT INTO friends VALUES (757,124,64,2,'2016-11-16');
INSERT INTO friends VALUES (758,55,14,6,'2014-06-28');
INSERT INTO friends VALUES (759,89,85,6,'2016-01-17');
INSERT INTO friends VALUES (760,91,130,1,'2015-04-25');
INSERT INTO friends VALUES (761,66,73,4,'2014-08-21');
INSERT INTO friends VALUES (762,15,115,2,'2015-03-19');
INSERT INTO friends VALUES (763,81,112,5,'2016-04-22');
INSERT INTO friends VALUES (764,3,67,4,'2014-08-13');
INSERT INTO friends VALUES (765,22,105,2,'2016-09-17');
INSERT INTO friends VALUES (766,98,21,5,'2016-01-10');
INSERT INTO friends VALUES (767,14,89,1,'2016-04-06');
INSERT INTO friends VALUES (768,39,19,6,'2015-10-13');
INSERT INTO friends VALUES (769,118,41,6,'2016-12-20');
INSERT INTO friends VALUES (770,60,23,3,'2016-11-20');
INSERT INTO friends VALUES (771,87,116,1,'2016-11-21');
INSERT INTO friends VALUES (772,125,117,6,'2016-02-08');
INSERT INTO friends VALUES (773,8,98,6,'2014-09-09');
INSERT INTO friends VALUES (774,9,69,6,'2016-09-02');
INSERT INTO friends VALUES (775,44,15,3,'2014-05-11');
INSERT INTO friends VALUES (776,87,8,1,'2015-01-07');
INSERT INTO friends VALUES (777,62,103,2,'2014-08-04');
INSERT INTO friends VALUES (778,70,53,5,'2014-11-15');
INSERT INTO friends VALUES (779,85,28,3,'2014-02-01');
INSERT INTO friends VALUES (780,9,56,6,'2016-11-03');
INSERT INTO friends VALUES (781,98,43,2,'2014-11-29');
INSERT INTO friends VALUES (782,18,15,6,'2016-12-22');
INSERT INTO friends VALUES (783,18,103,1,'2016-02-28');
INSERT INTO friends VALUES (784,38,120,3,'2014-03-12');
INSERT INTO friends VALUES (785,87,69,3,'2016-02-18');
INSERT INTO friends VALUES (786,114,85,6,'2016-01-03');
INSERT INTO friends VALUES (787,111,23,3,'2016-11-21');
INSERT INTO friends VALUES (788,87,25,1,'2016-09-18');
INSERT INTO friends VALUES (789,40,35,4,'2015-06-22');
INSERT INTO friends VALUES (790,83,85,2,'2015-10-01');
INSERT INTO friends VALUES (791,96,128,1,'2016-02-20');
INSERT INTO friends VALUES (792,114,74,5,'2016-02-16');
INSERT INTO friends VALUES (793,24,9,3,'2015-10-22');
INSERT INTO friends VALUES (794,39,31,6,'2014-07-22');
INSERT INTO friends VALUES (795,43,12,6,'2015-02-22');
INSERT INTO friends VALUES (796,43,20,6,'2014-04-26');
INSERT INTO friends VALUES (797,122,81,5,'2014-01-15');
INSERT INTO friends VALUES (798,43,73,5,'2016-09-05');
INSERT INTO friends VALUES (799,19,33,1,'2016-12-26');
INSERT INTO friends VALUES (800,83,19,3,'2016-09-24');
INSERT INTO friends VALUES (801,23,17,2,'2014-02-22');
INSERT INTO friends VALUES (802,93,22,2,'2015-12-14');
INSERT INTO friends VALUES (803,84,123,2,'2014-12-04');
INSERT INTO friends VALUES (804,25,27,3,'2014-12-22');
INSERT INTO friends VALUES (805,33,66,5,'2015-05-21');
INSERT INTO friends VALUES (806,76,124,3,'2016-10-21');
INSERT INTO friends VALUES (807,23,93,1,'2016-02-08');
INSERT INTO friends VALUES (808,130,20,4,'2015-03-18');
INSERT INTO friends VALUES (809,89,18,2,'2014-09-24');
INSERT INTO friends VALUES (810,74,3,3,'2014-03-12');
INSERT INTO friends VALUES (811,30,78,6,'2014-04-01');
INSERT INTO friends VALUES (812,124,58,5,'2014-12-14');
INSERT INTO friends VALUES (813,22,85,5,'2016-07-15');
INSERT INTO friends VALUES (814,69,49,3,'2014-05-06');
INSERT INTO friends VALUES (815,26,93,6,'2016-06-15');
INSERT INTO friends VALUES (816,47,7,4,'2016-08-05');
INSERT INTO friends VALUES (817,124,3,2,'2016-12-30');
INSERT INTO friends VALUES (818,121,38,6,'2014-06-08');
INSERT INTO friends VALUES (819,89,91,6,'2015-10-29');
INSERT INTO friends VALUES (820,74,21,5,'2016-11-18');
INSERT INTO friends VALUES (821,55,121,1,'2014-12-20');
INSERT INTO friends VALUES (822,39,83,2,'2014-03-24');
INSERT INTO friends VALUES (823,2,9,1,'2015-04-28');
INSERT INTO friends VALUES (824,120,71,4,'2014-11-25');
INSERT INTO friends VALUES (825,27,52,2,'2015-10-29');
INSERT INTO friends VALUES (826,48,57,5,'2015-08-29');
INSERT INTO friends VALUES (827,99,2,3,'2015-03-11');
INSERT INTO friends VALUES (828,52,82,2,'2016-08-09');
INSERT INTO friends VALUES (829,99,124,2,'2015-10-20');
INSERT INTO friends VALUES (830,18,126,5,'2014-08-21');
INSERT INTO friends VALUES (831,100,43,2,'2015-12-18');
INSERT INTO friends VALUES (832,65,27,6,'2016-09-20');
INSERT INTO friends VALUES (833,101,6,4,'2015-06-20');
INSERT INTO friends VALUES (834,18,4,1,'2015-05-21');
INSERT INTO friends VALUES (835,10,77,4,'2016-05-26');
INSERT INTO friends VALUES (836,95,122,2,'2014-09-04');
INSERT INTO friends VALUES (837,122,51,2,'2014-03-04');
INSERT INTO friends VALUES (838,104,91,1,'2016-08-18');
INSERT INTO friends VALUES (839,95,3,6,'2016-09-22');
INSERT INTO friends VALUES (840,105,87,4,'2015-11-24');
INSERT INTO friends VALUES (841,6,64,1,'2014-08-25');
INSERT INTO friends VALUES (842,13,28,1,'2015-07-07');
INSERT INTO friends VALUES (843,73,15,4,'2014-05-05');
INSERT INTO friends VALUES (844,105,75,5,'2015-09-11');
INSERT INTO friends VALUES (845,79,48,3,'2016-07-14');
INSERT INTO friends VALUES (846,90,87,6,'2015-09-29');
INSERT INTO friends VALUES (847,30,32,1,'2014-02-11');
INSERT INTO friends VALUES (848,97,30,1,'2016-05-15');
INSERT INTO friends VALUES (849,122,33,4,'2016-10-14');
INSERT INTO friends VALUES (850,57,12,6,'2014-03-08');
INSERT INTO friends VALUES (851,45,122,4,'2014-02-20');
INSERT INTO friends VALUES (852,56,109,2,'2015-09-27');
INSERT INTO friends VALUES (853,102,30,4,'2016-10-16');
INSERT INTO friends VALUES (854,83,89,4,'2015-09-05');
INSERT INTO friends VALUES (855,58,37,4,'2016-12-25');
INSERT INTO friends VALUES (856,82,99,5,'2014-02-21');
INSERT INTO friends VALUES (857,1,119,5,'2016-05-08');
INSERT INTO friends VALUES (858,7,20,6,'2015-12-15');
INSERT INTO friends VALUES (859,123,34,6,'2014-04-01');
INSERT INTO friends VALUES (860,40,32,2,'2016-11-26');
INSERT INTO friends VALUES (861,50,127,6,'2015-04-18');
INSERT INTO friends VALUES (862,76,80,5,'2015-03-15');
INSERT INTO friends VALUES (863,41,93,1,'2016-07-19');
INSERT INTO friends VALUES (864,100,62,6,'2016-12-28');
INSERT INTO friends VALUES (865,31,62,6,'2016-06-10');
INSERT INTO friends VALUES (866,90,106,5,'2016-04-14');
INSERT INTO friends VALUES (867,121,15,3,'2015-07-27');
INSERT INTO friends VALUES (868,72,124,2,'2014-05-03');
INSERT INTO friends VALUES (869,39,48,6,'2014-10-30');
INSERT INTO friends VALUES (870,36,69,5,'2014-01-08');
INSERT INTO friends VALUES (871,39,57,4,'2016-08-11');
INSERT INTO friends VALUES (872,6,122,3,'2016-01-22');
INSERT INTO friends VALUES (873,37,8,6,'2016-03-22');
INSERT INTO friends VALUES (874,62,13,2,'2015-07-14');
INSERT INTO friends VALUES (875,6,1,5,'2014-02-16');
INSERT INTO friends VALUES (876,6,77,3,'2015-07-21');
INSERT INTO friends VALUES (877,7,44,4,'2016-11-02');
INSERT INTO friends VALUES (878,58,8,3,'2015-03-02');
INSERT INTO friends VALUES (879,48,83,6,'2015-10-25');
INSERT INTO friends VALUES (880,53,38,6,'2016-12-02');
INSERT INTO friends VALUES (881,130,128,2,'2015-12-05');
INSERT INTO friends VALUES (882,36,120,2,'2014-11-04');
INSERT INTO friends VALUES (883,83,65,2,'2016-09-03');
INSERT INTO friends VALUES (884,112,84,2,'2014-07-07');
INSERT INTO friends VALUES (885,36,21,1,'2014-02-17');
INSERT INTO friends VALUES (886,17,123,3,'2015-09-21');
INSERT INTO friends VALUES (887,98,67,6,'2016-07-26');
INSERT INTO friends VALUES (888,19,38,2,'2016-09-07');
INSERT INTO friends VALUES (889,48,113,3,'2015-05-14');
INSERT INTO friends VALUES (890,110,29,2,'2014-07-28');
INSERT INTO friends VALUES (891,98,88,6,'2016-01-12');
INSERT INTO friends VALUES (892,27,101,1,'2014-04-18');
INSERT INTO friends VALUES (893,67,129,5,'2015-04-02');
INSERT INTO friends VALUES (894,59,105,6,'2016-09-11');
INSERT INTO friends VALUES (895,100,26,4,'2016-02-05');
INSERT INTO friends VALUES (896,124,97,2,'2014-11-24');
INSERT INTO friends VALUES (897,93,128,5,'2014-09-27');
INSERT INTO friends VALUES (898,11,7,5,'2015-02-28');
INSERT INTO friends VALUES (899,78,91,2,'2015-02-20');
INSERT INTO friends VALUES (900,46,86,4,'2015-09-08');
INSERT INTO friends VALUES (901,116,129,4,'2014-06-21');
INSERT INTO friends VALUES (902,29,129,6,'2015-01-29');
INSERT INTO friends VALUES (903,27,51,4,'2015-01-08');
INSERT INTO friends VALUES (904,29,9,3,'2015-04-27');
INSERT INTO friends VALUES (905,73,16,5,'2014-10-28');
INSERT INTO friends VALUES (906,55,26,6,'2014-03-23');
INSERT INTO friends VALUES (907,42,14,1,'2015-09-22');
INSERT INTO friends VALUES (908,23,115,5,'2015-10-01');
INSERT INTO friends VALUES (909,52,122,3,'2014-01-11');
INSERT INTO friends VALUES (910,123,84,6,'2016-10-17');
INSERT INTO friends VALUES (911,27,20,5,'2015-08-24');
INSERT INTO friends VALUES (912,119,97,5,'2015-09-29');
INSERT INTO friends VALUES (913,18,8,5,'2016-01-08');
INSERT INTO friends VALUES (914,86,112,6,'2016-08-26');
INSERT INTO friends VALUES (915,10,129,2,'2015-04-07');
INSERT INTO friends VALUES (916,128,130,1,'2015-04-13');
INSERT INTO friends VALUES (917,86,111,1,'2014-10-26');
INSERT INTO friends VALUES (918,113,18,5,'2014-07-26');
INSERT INTO friends VALUES (919,20,22,6,'2014-04-17');
INSERT INTO friends VALUES (920,28,3,1,'2014-06-15');
INSERT INTO friends VALUES (921,6,74,5,'2016-11-17');
INSERT INTO friends VALUES (922,89,123,5,'2015-01-06');
INSERT INTO friends VALUES (923,84,2,6,'2014-11-08');
INSERT INTO friends VALUES (924,25,22,1,'2016-12-14');
INSERT INTO friends VALUES (925,110,22,1,'2016-02-23');
INSERT INTO friends VALUES (926,40,116,6,'2015-02-28');
INSERT INTO friends VALUES (927,61,45,5,'2014-04-06');
INSERT INTO friends VALUES (928,27,65,5,'2015-08-06');
INSERT INTO friends VALUES (929,1,45,2,'2014-03-26');
INSERT INTO friends VALUES (930,88,39,4,'2015-01-19');
INSERT INTO friends VALUES (931,93,66,1,'2015-11-11');
INSERT INTO friends VALUES (932,123,79,2,'2016-03-27');
INSERT INTO friends VALUES (933,62,119,6,'2015-10-26');
INSERT INTO friends VALUES (934,49,10,5,'2015-08-25');
INSERT INTO friends VALUES (935,130,75,2,'2016-01-04');
INSERT INTO friends VALUES (936,66,112,2,'2016-07-04');
INSERT INTO friends VALUES (937,65,87,1,'2015-07-08');
INSERT INTO friends VALUES (938,19,30,4,'2014-02-05');
INSERT INTO friends VALUES (939,101,27,1,'2016-09-19');
INSERT INTO friends VALUES (940,62,41,6,'2015-03-07');
INSERT INTO friends VALUES (941,114,45,3,'2014-06-05');
INSERT INTO friends VALUES (942,30,125,3,'2014-04-14');
INSERT INTO friends VALUES (943,110,27,2,'2014-06-09');
INSERT INTO friends VALUES (944,42,123,4,'2014-01-23');
INSERT INTO friends VALUES (945,47,78,6,'2014-10-13');
INSERT INTO friends VALUES (946,113,38,6,'2014-11-22');
INSERT INTO friends VALUES (947,118,9,4,'2016-06-28');
INSERT INTO friends VALUES (948,35,42,5,'2015-12-15');
INSERT INTO friends VALUES (949,125,97,4,'2014-12-20');
INSERT INTO friends VALUES (950,95,67,5,'2015-03-08');
INSERT INTO friends VALUES (951,89,38,1,'2014-04-08');
INSERT INTO friends VALUES (952,32,125,4,'2014-04-29');
INSERT INTO friends VALUES (953,44,53,1,'2015-12-20');
INSERT INTO friends VALUES (954,92,72,4,'2015-11-20');
INSERT INTO friends VALUES (955,77,52,5,'2016-08-05');
INSERT INTO friends VALUES (956,110,81,2,'2015-06-15');
INSERT INTO friends VALUES (957,36,11,1,'2016-02-02');
INSERT INTO friends VALUES (958,12,75,4,'2015-04-22');
INSERT INTO friends VALUES (959,76,41,1,'2014-06-09');
INSERT INTO friends VALUES (960,115,108,5,'2016-05-17');
INSERT INTO friends VALUES (961,30,102,5,'2014-04-27');
INSERT INTO friends VALUES (962,67,81,2,'2014-04-14');
INSERT INTO friends VALUES (963,62,34,2,'2015-01-17');
INSERT INTO friends VALUES (964,82,117,3,'2015-01-06');
INSERT INTO friends VALUES (965,81,34,4,'2015-02-09');
INSERT INTO friends VALUES (966,16,67,2,'2014-06-27');
INSERT INTO friends VALUES (967,96,117,1,'2014-01-17');
INSERT INTO friends VALUES (968,116,110,1,'2014-03-22');
INSERT INTO friends VALUES (969,109,54,2,'2014-07-15');
INSERT INTO friends VALUES (970,46,47,6,'2016-01-15');
INSERT INTO friends VALUES (971,126,54,5,'2016-06-16');
INSERT INTO friends VALUES (972,31,45,5,'2015-11-03');
INSERT INTO friends VALUES (973,125,29,2,'2016-12-05');
INSERT INTO friends VALUES (974,112,69,3,'2016-08-01');
INSERT INTO friends VALUES (975,85,56,1,'2015-10-08');
INSERT INTO friends VALUES (976,15,40,6,'2015-10-11');
INSERT INTO friends VALUES (977,115,120,1,'2016-02-27');
INSERT INTO friends VALUES (978,98,36,6,'2015-01-26');
INSERT INTO friends VALUES (979,41,87,3,'2015-05-19');
INSERT INTO friends VALUES (980,19,29,4,'2016-02-12');
INSERT INTO friends VALUES (981,51,54,4,'2016-06-28');
INSERT INTO friends VALUES (982,61,17,3,'2015-08-30');
INSERT INTO friends VALUES (983,90,18,2,'2015-06-08');
INSERT INTO friends VALUES (984,113,8,5,'2016-08-24');
INSERT INTO friends VALUES (985,9,55,1,'2014-03-17');
INSERT INTO friends VALUES (986,63,120,1,'2015-11-04');
INSERT INTO friends VALUES (987,36,97,6,'2014-04-06');
INSERT INTO friends VALUES (988,84,94,2,'2015-05-24');
INSERT INTO friends VALUES (989,130,101,5,'2014-07-04');
INSERT INTO friends VALUES (990,130,50,5,'2014-03-18');
INSERT INTO friends VALUES (991,46,20,2,'2015-09-28');
INSERT INTO friends VALUES (992,94,32,5,'2015-06-01');
INSERT INTO friends VALUES (993,61,64,3,'2016-07-10');
INSERT INTO friends VALUES (994,86,88,6,'2015-12-28');
INSERT INTO friends VALUES (995,116,3,6,'2015-01-03');
INSERT INTO friends VALUES (996,59,125,2,'2014-09-25');
INSERT INTO friends VALUES (997,78,88,3,'2014-11-07');
INSERT INTO friends VALUES (998,79,53,1,'2015-06-23');
INSERT INTO friends VALUES (999,22,122,5,'2014-05-02');
INSERT INTO friends VALUES (1000,113,41,2,'2015-01-08');
INSERT INTO friends VALUES (1001,81,15,2,'2015-10-27');
INSERT INTO friends VALUES (1002,66,88,3,'2014-06-22');
INSERT INTO friends VALUES (1003,126,104,2,'2014-01-21');
INSERT INTO friends VALUES (1004,44,91,1,'2016-08-04');
INSERT INTO friends VALUES (1005,101,87,2,'2014-06-10');
INSERT INTO friends VALUES (1006,62,12,3,'2015-08-01');
INSERT INTO friends VALUES (1007,63,110,3,'2016-02-23');
INSERT INTO friends VALUES (1008,30,121,4,'2016-06-30');
INSERT INTO friends VALUES (1009,67,24,1,'2016-01-08');
INSERT INTO friends VALUES (1010,65,24,5,'2015-02-22');
INSERT INTO friends VALUES (1011,91,120,4,'2016-08-27');
INSERT INTO friends VALUES (1012,80,51,4,'2015-04-22');
INSERT INTO friends VALUES (1013,57,118,4,'2014-02-24');
INSERT INTO friends VALUES (1014,46,113,5,'2016-11-13');
INSERT INTO friends VALUES (1015,83,11,5,'2014-09-04');
INSERT INTO friends VALUES (1016,10,11,4,'2014-01-11');
INSERT INTO friends VALUES (1017,130,35,2,'2014-01-02');
INSERT INTO friends VALUES (1018,74,96,2,'2014-10-11');
INSERT INTO friends VALUES (1019,88,104,4,'2014-07-17');
INSERT INTO friends VALUES (1020,99,84,5,'2014-02-10');
INSERT INTO friends VALUES (1021,7,67,4,'2015-03-15');
INSERT INTO friends VALUES (1022,41,130,1,'2015-09-02');
INSERT INTO friends VALUES (1023,28,72,6,'2014-01-18');
INSERT INTO friends VALUES (1024,84,100,4,'2014-11-08');
INSERT INTO friends VALUES (1025,89,27,5,'2014-05-13');
INSERT INTO friends VALUES (1026,100,109,3,'2015-06-21');
INSERT INTO friends VALUES (1027,52,48,5,'2014-08-04');
INSERT INTO friends VALUES (1028,78,80,1,'2015-10-21');
INSERT INTO friends VALUES (1029,53,11,4,'2016-06-02');
INSERT INTO friends VALUES (1030,47,64,6,'2014-07-03');
INSERT INTO friends VALUES (1031,50,94,4,'2015-03-12');
INSERT INTO friends VALUES (1032,62,21,1,'2015-11-01');
INSERT INTO friends VALUES (1033,90,116,4,'2015-07-15');
INSERT INTO friends VALUES (1034,119,11,5,'2016-06-07');
INSERT INTO friends VALUES (1035,32,50,3,'2016-07-27');
INSERT INTO friends VALUES (1036,5,92,5,'2014-07-03');
INSERT INTO friends VALUES (1037,101,54,4,'2015-08-26');
INSERT INTO friends VALUES (1038,92,76,1,'2016-12-26');
INSERT INTO friends VALUES (1039,40,127,6,'2016-07-26');
INSERT INTO friends VALUES (1040,78,18,6,'2016-07-15');
INSERT INTO friends VALUES (1041,122,27,5,'2016-09-20');
INSERT INTO friends VALUES (1042,51,77,3,'2014-01-20');
INSERT INTO friends VALUES (1043,47,35,1,'2015-04-02');
INSERT INTO friends VALUES (1044,45,37,1,'2016-09-05');
INSERT INTO friends VALUES (1045,104,109,3,'2016-04-22');
INSERT INTO friends VALUES (1046,13,67,5,'2014-03-04');
INSERT INTO friends VALUES (1047,6,116,3,'2016-03-25');
INSERT INTO friends VALUES (1048,85,122,2,'2015-04-14');
INSERT INTO friends VALUES (1049,49,115,5,'2015-04-14');
INSERT INTO friends VALUES (1050,47,33,4,'2015-03-09');
INSERT INTO friends VALUES (1051,69,8,4,'2015-01-04');
INSERT INTO friends VALUES (1052,6,76,3,'2016-01-07');
INSERT INTO friends VALUES (1053,115,123,4,'2016-06-01');
INSERT INTO friends VALUES (1054,59,33,5,'2015-04-08');
INSERT INTO friends VALUES (1055,75,97,5,'2015-04-07');
INSERT INTO friends VALUES (1056,25,71,1,'2014-07-11');
INSERT INTO friends VALUES (1057,110,25,5,'2016-12-21');
INSERT INTO friends VALUES (1058,24,38,6,'2015-11-21');
INSERT INTO friends VALUES (1059,49,51,1,'2014-09-05');
INSERT INTO friends VALUES (1060,45,95,2,'2016-10-14');
INSERT INTO friends VALUES (1061,117,123,5,'2015-08-13');
INSERT INTO friends VALUES (1062,56,101,6,'2016-10-27');
INSERT INTO friends VALUES (1063,46,23,4,'2016-12-20');
INSERT INTO friends VALUES (1064,115,18,4,'2015-08-25');
INSERT INTO friends VALUES (1065,107,78,2,'2014-06-03');
INSERT INTO friends VALUES (1066,31,73,1,'2015-01-19');
INSERT INTO friends VALUES (1067,13,94,2,'2015-01-20');
INSERT INTO friends VALUES (1068,13,40,2,'2014-12-26');
INSERT INTO friends VALUES (1069,39,54,4,'2016-04-28');
INSERT INTO friends VALUES (1070,17,37,4,'2016-05-25');
INSERT INTO friends VALUES (1071,103,75,6,'2016-07-07');
INSERT INTO friends VALUES (1072,128,78,4,'2016-06-08');
INSERT INTO friends VALUES (1073,65,13,2,'2014-11-10');
INSERT INTO friends VALUES (1074,105,19,2,'2015-08-03');
INSERT INTO friends VALUES (1075,11,58,3,'2014-05-04');
INSERT INTO friends VALUES (1076,112,33,2,'2014-07-22');
INSERT INTO friends VALUES (1077,51,126,2,'2014-03-27');
INSERT INTO friends VALUES (1078,72,84,1,'2014-05-02');
INSERT INTO friends VALUES (1079,83,49,4,'2015-06-14');
INSERT INTO friends VALUES (1080,127,48,2,'2014-02-05');
INSERT INTO friends VALUES (1081,129,122,2,'2014-11-11');
INSERT INTO friends VALUES (1082,44,62,5,'2016-11-29');
INSERT INTO friends VALUES (1083,7,37,4,'2015-02-26');
INSERT INTO friends VALUES (1084,9,107,5,'2016-07-19');
INSERT INTO friends VALUES (1085,30,26,3,'2015-05-05');
INSERT INTO friends VALUES (1086,44,11,3,'2015-12-24');
INSERT INTO friends VALUES (1087,9,29,6,'2016-02-11');
INSERT INTO friends VALUES (1088,70,55,3,'2016-12-16');
INSERT INTO friends VALUES (1089,78,31,3,'2015-02-12');
INSERT INTO friends VALUES (1090,81,43,3,'2015-08-28');
INSERT INTO friends VALUES (1091,31,82,1,'2014-05-28');
INSERT INTO friends VALUES (1092,28,116,5,'2014-10-11');
INSERT INTO friends VALUES (1093,109,112,5,'2015-12-25');
INSERT INTO friends VALUES (1094,47,57,6,'2016-10-23');
INSERT INTO friends VALUES (1095,53,76,2,'2014-04-29');
INSERT INTO friends VALUES (1096,79,10,2,'2014-04-28');
INSERT INTO friends VALUES (1097,18,94,6,'2016-04-08');
INSERT INTO friends VALUES (1098,31,30,6,'2016-03-07');
INSERT INTO friends VALUES (1099,99,3,6,'2014-01-01');
INSERT INTO friends VALUES (1100,122,130,3,'2014-11-02');
INSERT INTO friends VALUES (1101,127,58,3,'2014-03-11');
INSERT INTO friends VALUES (1102,63,56,1,'2015-02-15');
INSERT INTO friends VALUES (1103,49,79,1,'2016-05-12');
INSERT INTO friends VALUES (1104,67,68,3,'2014-01-15');
INSERT INTO friends VALUES (1105,86,12,2,'2014-05-18');
INSERT INTO friends VALUES (1106,84,116,5,'2014-03-05');
INSERT INTO friends VALUES (1107,82,116,5,'2014-09-28');
INSERT INTO friends VALUES (1108,127,36,1,'2016-05-19');
INSERT INTO friends VALUES (1109,35,121,5,'2016-08-16');
INSERT INTO friends VALUES (1110,123,111,4,'2014-09-12');
INSERT INTO friends VALUES (1111,93,7,3,'2014-12-27');
INSERT INTO friends VALUES (1112,100,35,3,'2015-11-25');
INSERT INTO friends VALUES (1113,51,4,4,'2016-10-22');
INSERT INTO friends VALUES (1114,57,103,2,'2015-06-11');
INSERT INTO friends VALUES (1115,10,47,2,'2014-11-05');
INSERT INTO friends VALUES (1116,34,24,6,'2015-03-18');
INSERT INTO friends VALUES (1117,23,118,3,'2016-09-07');
INSERT INTO friends VALUES (1118,28,19,5,'2014-03-07');
INSERT INTO friends VALUES (1119,59,49,6,'2015-10-17');
INSERT INTO friends VALUES (1120,117,106,5,'2014-02-13');
INSERT INTO friends VALUES (1121,71,122,6,'2016-06-18');
INSERT INTO friends VALUES (1122,106,87,4,'2015-03-27');
INSERT INTO friends VALUES (1123,97,8,2,'2015-04-11');
INSERT INTO friends VALUES (1124,96,84,5,'2014-01-07');
INSERT INTO friends VALUES (1125,2,72,6,'2014-02-13');
INSERT INTO friends VALUES (1126,22,94,1,'2015-06-09');
INSERT INTO friends VALUES (1127,96,15,5,'2015-07-23');
INSERT INTO friends VALUES (1128,68,72,5,'2015-11-05');
INSERT INTO friends VALUES (1129,96,114,2,'2015-03-03');
INSERT INTO friends VALUES (1130,20,121,6,'2014-01-01');
INSERT INTO friends VALUES (1131,54,39,1,'2015-05-03');
INSERT INTO friends VALUES (1132,89,14,1,'2014-07-14');
INSERT INTO friends VALUES (1133,10,93,6,'2014-08-14');
INSERT INTO friends VALUES (1134,109,128,1,'2016-04-30');
INSERT INTO friends VALUES (1135,119,74,1,'2016-08-02');
INSERT INTO friends VALUES (1136,129,104,5,'2015-05-11');
INSERT INTO friends VALUES (1137,34,65,3,'2016-04-20');
INSERT INTO friends VALUES (1138,88,126,1,'2014-09-20');
INSERT INTO friends VALUES (1139,105,48,2,'2014-08-15');
INSERT INTO friends VALUES (1140,43,104,1,'2016-12-14');
INSERT INTO friends VALUES (1141,113,30,5,'2014-11-03');
INSERT INTO friends VALUES (1142,31,55,6,'2014-12-11');
INSERT INTO friends VALUES (1143,87,96,1,'2016-10-01');
INSERT INTO friends VALUES (1144,31,5,3,'2014-02-25');
INSERT INTO friends VALUES (1145,122,127,6,'2015-10-19');
INSERT INTO friends VALUES (1146,47,127,3,'2016-03-22');
INSERT INTO friends VALUES (1147,18,56,5,'2016-02-19');
INSERT INTO friends VALUES (1148,24,99,3,'2015-01-29');
INSERT INTO friends VALUES (1149,79,66,2,'2016-07-27');
INSERT INTO friends VALUES (1150,98,74,4,'2014-12-13');
INSERT INTO friends VALUES (1151,81,17,4,'2014-03-05');
INSERT INTO friends VALUES (1152,104,32,6,'2014-10-17');
INSERT INTO friends VALUES (1153,53,117,6,'2014-01-01');
INSERT INTO friends VALUES (1154,94,65,6,'2016-08-19');
INSERT INTO friends VALUES (1155,73,101,5,'2014-07-19');
INSERT INTO friends VALUES (1156,23,113,6,'2016-10-07');
INSERT INTO friends VALUES (1157,84,86,4,'2015-02-24');
INSERT INTO friends VALUES (1158,126,111,6,'2014-03-21');
INSERT INTO friends VALUES (1159,43,102,4,'2016-07-14');
INSERT INTO friends VALUES (1160,111,33,5,'2014-08-27');
INSERT INTO friends VALUES (1161,128,72,5,'2015-06-02');
INSERT INTO friends VALUES (1162,3,130,3,'2016-12-24');
INSERT INTO friends VALUES (1163,72,35,1,'2014-06-27');
INSERT INTO friends VALUES (1164,8,51,6,'2014-12-03');
INSERT INTO friends VALUES (1165,120,41,6,'2014-08-03');
INSERT INTO friends VALUES (1166,60,57,1,'2014-08-11');
INSERT INTO friends VALUES (1167,55,6,4,'2015-09-18');
INSERT INTO friends VALUES (1168,113,57,1,'2015-12-15');
INSERT INTO friends VALUES (1169,72,21,3,'2014-06-24');
INSERT INTO friends VALUES (1170,64,20,1,'2016-06-19');
INSERT INTO friends VALUES (1171,105,36,1,'2015-10-12');
INSERT INTO friends VALUES (1172,73,124,5,'2016-01-01');
INSERT INTO friends VALUES (1173,7,17,4,'2015-01-21');
INSERT INTO friends VALUES (1174,3,119,6,'2015-04-03');
INSERT INTO friends VALUES (1175,100,61,5,'2016-01-25');
INSERT INTO friends VALUES (1176,120,102,5,'2014-07-12');
INSERT INTO friends VALUES (1177,11,82,2,'2015-07-30');
INSERT INTO friends VALUES (1178,115,71,1,'2015-12-05');
INSERT INTO friends VALUES (1179,12,47,4,'2016-01-02');
INSERT INTO friends VALUES (1180,75,70,3,'2014-12-23');
INSERT INTO friends VALUES (1181,124,10,2,'2015-11-03');
INSERT INTO friends VALUES (1182,38,61,3,'2015-03-15');
INSERT INTO friends VALUES (1183,99,65,3,'2015-12-09');
INSERT INTO friends VALUES (1184,58,122,2,'2015-11-30');
INSERT INTO friends VALUES (1185,61,87,1,'2015-09-17');
INSERT INTO friends VALUES (1186,39,41,3,'2014-04-21');
INSERT INTO friends VALUES (1187,118,22,4,'2015-09-23');
INSERT INTO friends VALUES (1188,13,109,3,'2015-06-23');
INSERT INTO friends VALUES (1189,46,39,3,'2015-03-08');
INSERT INTO friends VALUES (1190,99,6,6,'2015-07-08');
INSERT INTO friends VALUES (1191,79,50,6,'2014-07-08');
INSERT INTO friends VALUES (1192,14,69,5,'2015-04-15');
INSERT INTO friends VALUES (1193,114,57,4,'2016-08-12');
INSERT INTO friends VALUES (1194,83,39,3,'2015-06-21');
INSERT INTO friends VALUES (1195,110,57,5,'2016-07-27');
INSERT INTO friends VALUES (1196,119,83,2,'2016-05-17');
INSERT INTO friends VALUES (1197,57,115,6,'2016-03-01');
INSERT INTO friends VALUES (1198,86,67,5,'2014-09-10');
INSERT INTO friends VALUES (1199,55,126,3,'2015-02-02');
INSERT INTO friends VALUES (1200,101,121,3,'2014-06-05');
INSERT INTO friends VALUES (1201,127,108,3,'2015-10-24');
INSERT INTO friends VALUES (1202,36,68,2,'2016-05-20');
INSERT INTO friends VALUES (1203,101,60,2,'2014-05-02');
INSERT INTO friends VALUES (1204,40,98,5,'2016-04-16');
INSERT INTO friends VALUES (1205,121,26,6,'2014-12-05');
INSERT INTO friends VALUES (1206,8,102,2,'2016-02-09');
INSERT INTO friends VALUES (1207,91,93,5,'2016-11-05');
INSERT INTO friends VALUES (1208,93,89,1,'2015-06-14');
INSERT INTO friends VALUES (1209,89,36,3,'2015-03-26');
INSERT INTO friends VALUES (1210,81,66,2,'2015-06-07');
INSERT INTO friends VALUES (1211,33,127,1,'2016-04-30');
INSERT INTO friends VALUES (1212,102,73,2,'2015-11-28');
INSERT INTO friends VALUES (1213,124,100,5,'2014-07-30');
INSERT INTO friends VALUES (1214,8,55,1,'2016-08-23');
INSERT INTO friends VALUES (1215,120,127,6,'2016-10-01');
INSERT INTO friends VALUES (1216,32,87,5,'2015-02-09');
INSERT INTO friends VALUES (1217,66,25,5,'2016-10-23');
INSERT INTO friends VALUES (1218,11,79,6,'2016-07-24');
INSERT INTO friends VALUES (1219,21,101,2,'2015-10-05');
INSERT INTO friends VALUES (1220,61,99,1,'2016-10-07');
INSERT INTO friends VALUES (1221,31,28,2,'2015-10-08');
INSERT INTO friends VALUES (1222,42,8,4,'2015-11-25');
INSERT INTO friends VALUES (1223,53,95,3,'2016-10-23');
INSERT INTO friends VALUES (1224,4,10,3,'2016-01-10');
INSERT INTO friends VALUES (1225,78,99,5,'2015-12-11');
INSERT INTO friends VALUES (1226,35,13,2,'2016-01-11');
INSERT INTO friends VALUES (1227,88,29,6,'2016-02-11');
INSERT INTO friends VALUES (1228,32,81,2,'2015-05-03');
INSERT INTO friends VALUES (1229,39,75,2,'2015-10-08');
INSERT INTO friends VALUES (1230,10,62,6,'2015-10-26');
INSERT INTO friends VALUES (1231,51,114,5,'2014-04-27');
INSERT INTO friends VALUES (1232,116,76,4,'2014-11-20');
INSERT INTO friends VALUES (1233,51,49,3,'2016-05-05');
INSERT INTO friends VALUES (1234,30,82,3,'2016-04-11');
INSERT INTO friends VALUES (1235,32,64,5,'2015-06-06');
INSERT INTO friends VALUES (1236,55,70,4,'2014-08-03');
INSERT INTO friends VALUES (1237,37,129,6,'2016-08-22');
INSERT INTO friends VALUES (1238,39,47,6,'2016-10-12');
INSERT INTO friends VALUES (1239,3,79,6,'2015-07-26');
INSERT INTO friends VALUES (1240,60,129,3,'2016-07-22');
INSERT INTO friends VALUES (1241,111,3,3,'2016-11-11');
INSERT INTO friends VALUES (1242,71,67,6,'2015-08-19');
INSERT INTO friends VALUES (1243,31,108,4,'2015-08-26');
INSERT INTO friends VALUES (1244,15,122,1,'2016-06-30');
INSERT INTO friends VALUES (1245,22,58,2,'2015-10-12');
INSERT INTO friends VALUES (1246,36,112,2,'2014-07-11');
INSERT INTO friends VALUES (1247,123,88,5,'2014-07-01');
INSERT INTO friends VALUES (1248,35,10,5,'2014-09-21');
INSERT INTO friends VALUES (1249,63,64,2,'2014-12-05');
INSERT INTO friends VALUES (1250,35,123,6,'2014-01-24');
INSERT INTO friends VALUES (1251,35,9,3,'2015-03-27');
INSERT INTO friends VALUES (1252,103,97,5,'2016-01-11');
INSERT INTO friends VALUES (1253,35,89,2,'2016-09-24');
INSERT INTO friends VALUES (1254,36,28,3,'2016-01-13');
INSERT INTO friends VALUES (1255,96,18,6,'2015-04-26');
INSERT INTO friends VALUES (1256,33,128,1,'2015-05-16');
INSERT INTO friends VALUES (1257,115,39,3,'2014-01-27');
INSERT INTO friends VALUES (1258,51,101,3,'2015-09-05');
INSERT INTO friends VALUES (1259,21,9,3,'2014-06-25');
INSERT INTO friends VALUES (1260,101,47,2,'2015-12-19');
INSERT INTO friends VALUES (1261,5,49,2,'2016-03-02');
INSERT INTO friends VALUES (1262,43,99,2,'2015-11-13');
INSERT INTO friends VALUES (1263,63,15,1,'2015-11-30');
INSERT INTO friends VALUES (1264,23,25,5,'2016-05-28');
INSERT INTO friends VALUES (1265,112,70,6,'2016-01-23');
INSERT INTO friends VALUES (1266,26,88,5,'2016-02-23');
INSERT INTO friends VALUES (1267,28,13,1,'2016-09-04');
INSERT INTO friends VALUES (1268,100,37,1,'2015-12-19');
INSERT INTO friends VALUES (1269,67,44,3,'2015-07-11');
INSERT INTO friends VALUES (1270,67,26,2,'2016-09-01');
INSERT INTO friends VALUES (1271,31,2,5,'2015-06-21');
INSERT INTO friends VALUES (1272,79,20,2,'2015-02-20');
INSERT INTO friends VALUES (1273,86,2,5,'2016-09-26');
INSERT INTO friends VALUES (1274,78,123,5,'2014-03-26');
INSERT INTO friends VALUES (1275,79,122,2,'2015-10-02');
INSERT INTO friends VALUES (1276,85,43,1,'2016-10-15');
INSERT INTO friends VALUES (1277,124,44,3,'2014-08-01');
INSERT INTO friends VALUES (1278,14,55,4,'2014-05-22');
INSERT INTO friends VALUES (1279,13,81,3,'2016-05-24');
INSERT INTO friends VALUES (1280,17,61,1,'2015-01-04');
INSERT INTO friends VALUES (1281,72,81,5,'2016-08-09');
INSERT INTO friends VALUES (1282,37,51,4,'2014-02-21');
INSERT INTO friends VALUES (1283,63,66,3,'2016-06-26');
INSERT INTO friends VALUES (1284,95,129,1,'2015-07-15');
INSERT INTO friends VALUES (1285,99,21,3,'2016-11-03');
INSERT INTO friends VALUES (1286,11,14,4,'2015-09-01');
INSERT INTO friends VALUES (1287,101,34,3,'2014-09-03');
INSERT INTO friends VALUES (1288,104,40,4,'2015-10-11');
INSERT INTO friends VALUES (1289,99,111,6,'2016-05-30');
INSERT INTO friends VALUES (1290,2,81,6,'2016-03-14');
INSERT INTO friends VALUES (1291,23,111,2,'2014-11-15');
INSERT INTO friends VALUES (1292,86,99,3,'2015-02-26');
INSERT INTO friends VALUES (1293,47,104,2,'2016-06-02');
INSERT INTO friends VALUES (1294,118,123,1,'2016-03-21');
INSERT INTO friends VALUES (1295,128,129,3,'2016-01-06');
INSERT INTO friends VALUES (1296,11,94,4,'2016-08-05');
INSERT INTO friends VALUES (1297,112,55,2,'2014-05-19');
INSERT INTO friends VALUES (1298,47,27,3,'2015-11-20');
INSERT INTO friends VALUES (1299,102,63,1,'2016-02-05');
INSERT INTO friends VALUES (1300,57,11,5,'2016-02-28');
INSERT INTO friends VALUES (1301,108,2,2,'2014-01-08');
INSERT INTO friends VALUES (1302,81,98,2,'2016-06-03');
INSERT INTO friends VALUES (1303,85,55,2,'2015-08-09');
INSERT INTO friends VALUES (1304,20,35,6,'2015-01-12');
INSERT INTO friends VALUES (1305,36,23,6,'2015-02-20');
INSERT INTO friends VALUES (1306,111,18,6,'2015-08-16');
INSERT INTO friends VALUES (1307,85,17,1,'2014-03-26');
INSERT INTO friends VALUES (1308,42,25,4,'2015-10-16');
INSERT INTO friends VALUES (1309,61,71,1,'2014-07-28');
INSERT INTO friends VALUES (1310,120,14,3,'2016-03-27');
INSERT INTO friends VALUES (1311,120,17,4,'2016-09-28');
INSERT INTO friends VALUES (1312,21,16,2,'2014-12-08');
INSERT INTO friends VALUES (1313,127,89,1,'2015-01-26');
INSERT INTO friends VALUES (1314,2,5,1,'2014-07-14');
INSERT INTO friends VALUES (1315,28,18,4,'2014-05-30');
INSERT INTO friends VALUES (1316,39,68,1,'2016-01-14');
INSERT INTO friends VALUES (1317,86,40,1,'2016-06-13');
INSERT INTO friends VALUES (1318,16,73,6,'2015-06-02');
INSERT INTO friends VALUES (1319,21,98,4,'2016-04-27');
INSERT INTO friends VALUES (1320,126,59,6,'2015-09-23');
INSERT INTO friends VALUES (1321,4,30,1,'2016-11-16');
INSERT INTO friends VALUES (1322,92,61,3,'2015-12-25');
INSERT INTO friends VALUES (1323,91,97,4,'2016-01-03');
INSERT INTO friends VALUES (1324,51,94,6,'2014-08-23');
INSERT INTO friends VALUES (1325,45,64,4,'2015-03-26');
INSERT INTO friends VALUES (1326,42,65,5,'2015-08-27');
INSERT INTO friends VALUES (1327,116,36,3,'2014-05-25');
INSERT INTO friends VALUES (1328,17,68,6,'2015-09-23');
INSERT INTO friends VALUES (1329,33,96,3,'2015-10-10');
INSERT INTO friends VALUES (1330,2,84,1,'2015-01-11');
INSERT INTO friends VALUES (1331,81,26,1,'2016-04-17');
INSERT INTO friends VALUES (1332,126,68,1,'2016-06-18');
INSERT INTO friends VALUES (1333,17,106,6,'2016-12-15');
INSERT INTO friends VALUES (1334,91,77,4,'2015-09-01');
INSERT INTO friends VALUES (1335,69,117,4,'2014-10-03');
INSERT INTO friends VALUES (1336,17,20,4,'2016-05-30');
INSERT INTO friends VALUES (1337,113,47,1,'2014-03-22');
INSERT INTO friends VALUES (1338,80,120,4,'2014-06-19');
INSERT INTO friends VALUES (1339,85,89,3,'2015-03-21');
INSERT INTO friends VALUES (1340,10,25,2,'2015-01-04');
INSERT INTO friends VALUES (1341,121,1,5,'2016-08-10');
INSERT INTO friends VALUES (1342,130,10,5,'2016-05-10');
INSERT INTO friends VALUES (1343,2,4,2,'2015-05-28');
INSERT INTO friends VALUES (1344,40,61,1,'2014-11-20');
INSERT INTO friends VALUES (1345,71,2,5,'2014-01-23');
INSERT INTO friends VALUES (1346,9,31,5,'2016-10-11');
INSERT INTO friends VALUES (1347,25,51,5,'2016-11-04');
INSERT INTO friends VALUES (1348,46,37,4,'2016-02-17');
INSERT INTO friends VALUES (1349,5,104,5,'2015-01-16');
INSERT INTO friends VALUES (1350,83,107,2,'2016-12-28');
INSERT INTO friends VALUES (1351,26,46,5,'2014-08-10');
INSERT INTO friends VALUES (1352,70,7,2,'2014-08-14');
INSERT INTO friends VALUES (1353,47,36,3,'2016-11-17');
INSERT INTO friends VALUES (1354,100,17,4,'2016-07-26');
INSERT INTO friends VALUES (1355,129,54,2,'2014-08-08');
INSERT INTO friends VALUES (1356,55,119,6,'2014-01-25');
INSERT INTO friends VALUES (1357,1,88,4,'2015-01-11');
INSERT INTO friends VALUES (1358,44,51,2,'2014-06-23');
INSERT INTO friends VALUES (1359,59,74,4,'2014-08-20');
INSERT INTO friends VALUES (1360,96,89,3,'2015-07-21');
INSERT INTO friends VALUES (1361,125,113,3,'2016-01-14');
INSERT INTO friends VALUES (1362,76,12,4,'2014-02-20');
INSERT INTO friends VALUES (1363,109,93,6,'2014-11-05');
INSERT INTO friends VALUES (1364,58,64,2,'2015-09-30');
INSERT INTO friends VALUES (1365,94,95,4,'2014-09-30');
INSERT INTO friends VALUES (1366,60,121,6,'2014-10-28');
INSERT INTO friends VALUES (1367,57,9,2,'2015-01-26');
INSERT INTO friends VALUES (1368,23,128,5,'2016-12-30');
INSERT INTO friends VALUES (1369,74,102,2,'2016-12-23');
INSERT INTO friends VALUES (1370,30,36,3,'2014-01-12');
INSERT INTO friends VALUES (1371,43,66,4,'2015-11-09');
INSERT INTO friends VALUES (1372,26,97,6,'2014-02-06');
INSERT INTO friends VALUES (1373,15,32,1,'2016-03-05');
INSERT INTO friends VALUES (1374,116,121,1,'2016-08-21');
INSERT INTO friends VALUES (1375,6,108,1,'2014-07-30');
INSERT INTO friends VALUES (1376,83,110,5,'2016-08-08');
INSERT INTO friends VALUES (1377,127,20,6,'2014-01-16');
INSERT INTO friends VALUES (1378,11,108,1,'2014-09-23');
INSERT INTO friends VALUES (1379,124,115,5,'2016-12-21');
INSERT INTO friends VALUES (1380,25,104,1,'2014-09-09');
INSERT INTO friends VALUES (1381,26,122,6,'2015-06-23');
INSERT INTO friends VALUES (1382,54,118,3,'2016-02-22');
INSERT INTO friends VALUES (1383,125,84,6,'2014-08-28');
INSERT INTO friends VALUES (1384,20,68,5,'2016-01-07');
INSERT INTO friends VALUES (1385,3,61,1,'2016-02-15');
INSERT INTO friends VALUES (1386,129,86,2,'2016-04-19');
INSERT INTO friends VALUES (1387,72,62,3,'2015-11-12');
INSERT INTO friends VALUES (1388,130,19,1,'2014-03-30');
INSERT INTO friends VALUES (1389,19,113,4,'2015-07-26');
INSERT INTO friends VALUES (1390,112,36,3,'2015-10-03');
INSERT INTO friends VALUES (1391,115,113,3,'2014-05-10');
INSERT INTO friends VALUES (1392,42,47,5,'2014-01-10');
INSERT INTO friends VALUES (1393,97,115,6,'2016-08-20');
INSERT INTO friends VALUES (1394,65,86,1,'2014-05-19');
INSERT INTO friends VALUES (1395,73,42,1,'2016-05-13');
INSERT INTO friends VALUES (1396,104,79,1,'2014-07-29');
INSERT INTO friends VALUES (1397,102,99,2,'2016-06-07');
INSERT INTO friends VALUES (1398,14,95,1,'2014-06-10');
INSERT INTO friends VALUES (1399,120,73,6,'2015-06-09');
INSERT INTO friends VALUES (1400,9,112,4,'2016-03-07');
INSERT INTO friends VALUES (1401,20,41,3,'2014-05-09');
INSERT INTO friends VALUES (1402,101,55,3,'2016-09-01');
INSERT INTO friends VALUES (1403,10,16,2,'2014-12-14');
INSERT INTO friends VALUES (1404,72,36,1,'2015-01-26');
INSERT INTO friends VALUES (1405,55,3,3,'2016-07-02');
INSERT INTO friends VALUES (1406,62,32,1,'2016-08-19');
INSERT INTO friends VALUES (1407,62,94,6,'2016-05-30');
INSERT INTO friends VALUES (1408,101,20,3,'2016-12-29');
INSERT INTO friends VALUES (1409,119,87,2,'2016-09-26');
INSERT INTO friends VALUES (1410,80,108,5,'2014-02-07');
INSERT INTO friends VALUES (1411,22,129,6,'2014-05-07');
INSERT INTO friends VALUES (1412,25,123,3,'2014-03-22');
INSERT INTO friends VALUES (1413,56,70,2,'2016-07-25');
INSERT INTO friends VALUES (1414,34,91,2,'2014-07-15');
INSERT INTO friends VALUES (1415,5,114,2,'2014-10-27');
INSERT INTO friends VALUES (1416,107,123,4,'2016-02-19');
INSERT INTO friends VALUES (1417,5,38,2,'2014-03-28');
INSERT INTO friends VALUES (1418,103,60,4,'2015-08-10');
INSERT INTO friends VALUES (1419,110,87,5,'2014-01-16');
INSERT INTO friends VALUES (1420,3,63,6,'2016-03-01');
INSERT INTO friends VALUES (1421,68,53,5,'2015-06-01');
INSERT INTO friends VALUES (1422,117,52,2,'2014-09-01');
INSERT INTO friends VALUES (1423,17,35,2,'2014-07-17');
INSERT INTO friends VALUES (1424,7,38,4,'2014-04-05');
INSERT INTO friends VALUES (1425,35,112,2,'2015-09-17');
INSERT INTO friends VALUES (1426,115,122,2,'2015-11-22');
INSERT INTO friends VALUES (1427,122,11,3,'2015-09-29');
INSERT INTO friends VALUES (1428,43,26,4,'2016-08-16');
INSERT INTO friends VALUES (1429,58,78,3,'2014-01-10');
INSERT INTO friends VALUES (1430,126,62,2,'2014-09-21');
INSERT INTO friends VALUES (1431,69,57,5,'2016-01-18');
INSERT INTO friends VALUES (1432,103,43,4,'2016-02-22');
INSERT INTO friends VALUES (1433,13,29,4,'2015-11-27');
INSERT INTO friends VALUES (1434,100,79,5,'2016-11-29');
INSERT INTO friends VALUES (1435,92,15,2,'2015-06-27');
INSERT INTO friends VALUES (1436,99,22,2,'2015-10-14');
INSERT INTO friends VALUES (1437,35,43,6,'2014-03-13');
INSERT INTO friends VALUES (1438,23,53,5,'2014-10-20');
INSERT INTO friends VALUES (1439,24,110,6,'2014-06-23');
INSERT INTO friends VALUES (1440,26,77,2,'2015-02-09');
INSERT INTO friends VALUES (1441,100,29,6,'2015-12-22');
INSERT INTO friends VALUES (1442,78,6,3,'2015-08-15');
INSERT INTO friends VALUES (1443,124,63,2,'2016-08-21');
INSERT INTO friends VALUES (1444,2,82,2,'2016-10-11');
INSERT INTO friends VALUES (1445,13,52,6,'2014-07-24');
INSERT INTO friends VALUES (1446,11,42,1,'2014-06-23');
INSERT INTO friends VALUES (1447,71,101,3,'2016-11-10');
INSERT INTO friends VALUES (1448,118,124,5,'2016-05-13');
INSERT INTO friends VALUES (1449,57,5,4,'2014-09-19');
INSERT INTO friends VALUES (1450,122,43,4,'2015-07-30');
INSERT INTO friends VALUES (1451,113,111,5,'2014-10-12');
INSERT INTO friends VALUES (1452,23,77,1,'2016-08-10');
INSERT INTO friends VALUES (1453,28,86,1,'2016-12-26');
INSERT INTO friends VALUES (1454,27,74,3,'2014-07-14');
INSERT INTO friends VALUES (1455,44,29,6,'2016-10-06');
INSERT INTO friends VALUES (1456,5,71,3,'2014-03-08');
INSERT INTO friends VALUES (1457,29,15,4,'2015-01-05');
INSERT INTO friends VALUES (1458,19,127,4,'2014-09-27');
INSERT INTO friends VALUES (1459,29,48,4,'2016-08-04');
INSERT INTO friends VALUES (1460,91,9,6,'2014-04-14');
INSERT INTO friends VALUES (1461,32,17,1,'2014-07-07');
INSERT INTO friends VALUES (1462,43,113,4,'2016-09-28');
INSERT INTO friends VALUES (1463,29,92,2,'2015-01-03');
INSERT INTO friends VALUES (1464,75,129,4,'2016-03-21');
INSERT INTO friends VALUES (1465,113,88,1,'2016-10-21');
INSERT INTO friends VALUES (1466,44,106,2,'2016-03-23');
INSERT INTO friends VALUES (1467,15,95,3,'2016-06-02');
INSERT INTO friends VALUES (1468,38,79,4,'2016-03-26');
INSERT INTO friends VALUES (1469,60,61,4,'2014-01-01');
INSERT INTO friends VALUES (1470,56,45,3,'2015-02-05');
INSERT INTO friends VALUES (1471,100,6,6,'2014-07-07');
INSERT INTO friends VALUES (1472,62,46,3,'2015-11-29');
INSERT INTO friends VALUES (1473,11,35,6,'2015-04-07');
INSERT INTO friends VALUES (1474,55,106,5,'2016-11-25');
INSERT INTO friends VALUES (1475,79,2,1,'2014-02-19');
INSERT INTO friends VALUES (1476,22,29,4,'2014-08-18');
INSERT INTO friends VALUES (1477,101,3,5,'2014-11-29');
INSERT INTO friends VALUES (1478,87,115,2,'2016-12-01');
INSERT INTO friends VALUES (1479,25,23,1,'2015-11-01');
INSERT INTO friends VALUES (1480,57,16,2,'2016-01-01');
INSERT INTO friends VALUES (1481,50,19,1,'2016-11-18');
INSERT INTO friends VALUES (1482,17,126,2,'2014-08-15');
INSERT INTO friends VALUES (1483,78,129,4,'2014-12-13');
INSERT INTO friends VALUES (1484,67,97,6,'2015-05-05');
INSERT INTO friends VALUES (1485,85,101,1,'2014-01-20');
INSERT INTO friends VALUES (1486,38,56,3,'2015-12-01');
INSERT INTO friends VALUES (1487,27,7,4,'2015-02-27');
INSERT INTO friends VALUES (1488,27,83,6,'2015-09-24');
INSERT INTO friends VALUES (1489,119,27,3,'2015-08-03');
INSERT INTO friends VALUES (1490,76,111,6,'2016-01-26');
INSERT INTO friends VALUES (1491,111,1,4,'2014-01-19');
INSERT INTO friends VALUES (1492,122,19,4,'2014-02-04');
INSERT INTO friends VALUES (1493,31,106,5,'2014-07-07');
INSERT INTO friends VALUES (1494,56,28,3,'2016-12-06');
INSERT INTO friends VALUES (1495,129,16,1,'2016-04-09');
INSERT INTO friends VALUES (1496,95,69,4,'2015-01-17');
INSERT INTO friends VALUES (1497,103,36,3,'2015-01-18');
INSERT INTO friends VALUES (1498,104,82,5,'2015-06-12');
INSERT INTO friends VALUES (1499,126,93,3,'2015-12-24');
INSERT INTO friends VALUES (1500,28,29,1,'2015-02-17');
INSERT INTO friends VALUES (1501,100,91,6,'2014-04-24');
INSERT INTO friends VALUES (1502,120,25,5,'2015-08-18');
INSERT INTO friends VALUES (1503,83,102,6,'2015-01-10');
INSERT INTO friends VALUES (1504,102,96,1,'2015-05-22');
INSERT INTO friends VALUES (1505,117,44,6,'2015-08-25');
INSERT INTO friends VALUES (1506,82,58,2,'2015-07-07');
INSERT INTO friends VALUES (1507,120,115,5,'2015-11-09');
INSERT INTO friends VALUES (1508,125,37,5,'2014-04-25');
INSERT INTO friends VALUES (1509,5,91,4,'2016-02-19');
INSERT INTO friends VALUES (1510,118,129,4,'2015-06-10');
INSERT INTO friends VALUES (1511,22,119,2,'2014-06-17');
INSERT INTO friends VALUES (1512,44,19,1,'2015-09-24');
INSERT INTO friends VALUES (1513,110,89,2,'2014-10-11');
INSERT INTO friends VALUES (1514,108,97,1,'2015-02-08');
INSERT INTO friends VALUES (1515,28,32,4,'2016-01-23');
INSERT INTO friends VALUES (1516,116,14,3,'2015-12-22');
INSERT INTO friends VALUES (1517,124,30,6,'2014-06-19');
INSERT INTO friends VALUES (1518,111,63,3,'2014-10-18');
INSERT INTO friends VALUES (1519,40,27,5,'2016-12-01');
INSERT INTO friends VALUES (1520,109,66,4,'2016-12-06');
INSERT INTO friends VALUES (1521,13,127,6,'2016-06-13');
INSERT INTO friends VALUES (1522,61,53,4,'2016-02-01');
INSERT INTO friends VALUES (1523,68,74,4,'2016-08-20');
INSERT INTO friends VALUES (1524,15,116,3,'2015-12-16');
INSERT INTO friends VALUES (1525,120,88,3,'2014-09-24');
INSERT INTO friends VALUES (1526,19,9,5,'2014-09-01');
INSERT INTO friends VALUES (1527,36,18,4,'2014-08-25');
INSERT INTO friends VALUES (1528,121,11,6,'2015-04-10');
INSERT INTO friends VALUES (1529,35,59,6,'2014-06-30');
INSERT INTO friends VALUES (1530,113,89,6,'2014-05-20');
INSERT INTO friends VALUES (1531,3,118,1,'2016-05-04');
INSERT INTO friends VALUES (1532,67,103,6,'2016-11-27');
INSERT INTO friends VALUES (1533,82,54,4,'2016-11-13');
INSERT INTO friends VALUES (1534,99,13,3,'2015-06-04');
INSERT INTO friends VALUES (1535,3,75,4,'2016-05-03');
INSERT INTO friends VALUES (1536,75,21,4,'2016-10-29');
INSERT INTO friends VALUES (1537,42,83,3,'2016-05-17');
INSERT INTO friends VALUES (1538,68,86,3,'2014-06-12');
INSERT INTO friends VALUES (1539,7,46,1,'2014-02-24');
INSERT INTO friends VALUES (1540,104,23,1,'2016-01-17');
INSERT INTO friends VALUES (1541,48,35,6,'2016-02-04');
INSERT INTO friends VALUES (1542,39,88,2,'2016-06-24');
INSERT INTO friends VALUES (1543,104,130,6,'2015-03-17');
INSERT INTO friends VALUES (1544,124,14,3,'2015-08-15');
INSERT INTO friends VALUES (1545,6,67,3,'2014-10-30');
INSERT INTO friends VALUES (1546,26,105,5,'2014-03-09');
INSERT INTO friends VALUES (1547,43,2,4,'2014-03-06');
INSERT INTO friends VALUES (1548,87,68,5,'2015-08-19');
INSERT INTO friends VALUES (1549,79,126,6,'2015-03-30');
INSERT INTO friends VALUES (1550,79,90,3,'2015-08-13');
INSERT INTO friends VALUES (1551,64,31,2,'2014-02-17');
INSERT INTO friends VALUES (1552,19,26,1,'2016-01-28');
INSERT INTO friends VALUES (1553,100,118,4,'2015-03-04');
INSERT INTO friends VALUES (1554,115,62,1,'2015-03-01');
INSERT INTO friends VALUES (1555,127,16,6,'2015-01-22');
INSERT INTO friends VALUES (1556,22,112,3,'2015-02-07');
INSERT INTO friends VALUES (1557,39,112,5,'2015-11-28');
INSERT INTO friends VALUES (1558,34,86,3,'2014-10-09');
INSERT INTO friends VALUES (1559,128,40,4,'2015-03-05');
INSERT INTO friends VALUES (1560,65,115,2,'2016-07-20');
INSERT INTO friends VALUES (1561,118,119,2,'2015-03-27');
INSERT INTO friends VALUES (1562,119,17,2,'2014-12-30');
INSERT INTO friends VALUES (1563,113,33,6,'2015-11-15');
